Distribution Type,"Histogram"
Use,"EMISSIONS"
Units,"scf_wholegas"
Gas Type,"whole_gas"
Emission Unit,"scf"
Time Basis,"s"
Activity Basis,"Component"
User Units,"scfs (wholegas)"
Source,"Simulated by CSU using data from doi: 10.1021/acs.est.0c00516"
Component,"All Components: Connector Flanged, Connector Threaded, OEL, PRV, Pocket Vent, Regulator and Valve"
Notes,""
Mean of Leaking,"0.0034454"
Est Average Factor,"1.491e-05"
Emission Factor Type,"Simulated Leaker"
Leak Probability,"0.0043276"
Survey Frequency,"Annual (estimated)"
%%%ENDOFMETADATA%%%,""
EmissionRate,Probability
5e-05,0.43622307478684
0.00015,0.0418219104187283
0.00025,0.00926629017058918
0.00035,0.0188897424374247
0.00045,0.0213360076214259
0.00055,0.0242297093433555
0.00065,0.0193344732018967
0.00075,0.00608061089477222
0.00085,0.0117049299930314
0.00095,0.0105131597751847
0.00105,0.0110181554939131
0.00115,0.0112068216976465
0.00125,0.0109234534229387
0.00135,0.0112105113887235
0.00145,0.00551584218059759
0.00155,0.00548189702268988
0.00165,0.00617063935704919
0.00175,0.00409211338371483
0.00185,0.00585676963610545
0.00195,0.0114237755329697
0.00205,0.0123398028376676
0.00215,0.00621737544402357
0.00225,0.00268215943351927
0.00235,0.00622081915569537
0.00245,0.00936861760312256
0.00255,0.00896840911097877
0.00265,0.00804598634174755
0.00275,0.00458210435873046
0.00285,0.00542925742999242
0.00295,0.00566515167951048
0.00305,0.00610201110301839
0.00315,0.00421756288033028
0.00325,0.00371010736755054
0.00335,0.00650000578051602
0.00345,0.00765512506699864
0.00355,0.00588997685579777
0.00365,0.00449724146396119
0.00375,0.00325479948865801
0.00385,0.00610102718539788
0.00395,0.00705395140086501
0.00405,0.00659151011922376
0.00415,0.00494172624902807
0.00425,0.00284401388209371
0.00435,0.00341935971068886
0.00445,0.00328087330560162
0.00455,0.00271831840607313
0.00465,0.00302185699200149
0.00475,0.00278719263950906
0.00485,0.00497099779823834
0.00495,0.00554880342088478
0.00505,0.0048403827341152
0.00515,0.00362524447278127
0.00525,0.00216289690929337
0.00535,0.0030211190537861
0.00545,0.00300414647483225
0.00555,0.00300070276316045
0.00565,0.00298569801944762
0.00575,0.00172037995946751
0.00585,0.0021779016530062
0.00595,0.00173046511507778
0.00605,0.00184509151786758
0.00615,0.00204950040352921
0.00625,0.00183303852701629
0.00635,0.00305088256180663
0.00645,0.00400602059191992
0.00655,0.00416639916406359
0.00665,0.00358613374736587
0.00675,0.00210484576968309
0.00685,0.00232007774917037
0.00695,0.00212452412209335
0.00705,0.00201383338978561
0.00715,0.00180868656590858
0.00725,0.0011740597006775
0.00735,0.00148571560697509
0.00745,0.00135460858404169
0.00755,0.00139125951540581
0.00765,0.00149924447425715
0.00775,0.00130959435290321
0.00785,0.00169233830728288
0.00795,0.00191814740119069
0.00805,0.00217126020906774
0.00815,0.0019912032845138
0.00825,0.00106927247409283
0.00835,0.00149284900972381
0.00845,0.00122497743753906
0.00855,0.00112830753132363
0.00865,0.00125769269842113
0.00875,0.00104713432763128
0.00885,0.00146283952229816
0.00895,0.00156172324315974
0.00905,0.00141438157948788
0.00915,0.00144512900512892
0.00925,0.000930048130790201
0.00935,0.00151867684726229
0.00945,0.00149284900972381
0.00955,0.00121071063204162
0.00965,0.000973340506092787
0.00975,0.000536481082584879
0.00985,0.000689726251979827
0.00995,0.00051729468898487
0.01005,0.000426774267897646
0.01015,0.000302554668307841
0.01025,0.000257540437169358
0.01035,0.000193093833025736
0.01045,0.00016751197489239
0.01055,0.000149555478318022
0.01065,0.000137994446276991
0.01075,0.00013233691995904
0.01085,0.000115118361600057
0.01095,0.000125449496615446
0.01105,0.000130615064123141
0.01115,0.000160870530953925
0.01125,0.000147095684266739
0.01135,0.000212280226625746
0.01145,0.000367985190071976
0.01155,0.000426282309087389
0.01165,0.000515080874338715
0.01175,0.000373642716389928
0.01185,0.000673491611241357
0.01195,0.000715554089518301
0.01205,0.000748515329805497
0.01215,0.000664882332061866
0.01225,0.000432431794215598
0.01235,0.000556651393805402
0.01245,0.000471050560820745
0.01255,0.00041004766834892
0.01265,0.000275250954338597
0.01275,0.000165544139651364
0.01285,0.000170709707159058
0.01295,9.96216590769721e-05
0.01305,8.1419183097476e-05
0.01315,6.22327894974665e-05
0.01325,4.87039222154086e-05
0.01335,9.17503181128657e-05
0.01345,0.000126925373046216
0.01355,0.000206868679712922
0.01365,0.000256310540143716
0.01375,0.000157918778092385
0.01385,0.000315099617969386
0.01395,0.000382743954379676
0.01405,0.000350274672902737
0.01415,0.000380284160328392
0.01425,0.000187928265518041
0.01435,0.000319035288451439
0.01445,0.000248193219774481
0.01455,0.000240813837620631
0.01465,0.000207606617928307
0.01475,0.000155213004635974
0.01485,0.000241797755241145
0.01495,0.000242289714051401
0.01505,0.000306244359384766
0.01515,0.000305752400574509
0.01525,0.000181778780389833
0.01535,0.000238600022974476
0.01545,0.00022630105271806
0.01555,0.000189896100759068
0.01565,0.00016898785132316
0.01575,8.58468123897859e-05
0.01585,0.000119791970297495
0.01595,0.000156934860471872
0.01605,0.000117824135056468
0.01615,0.000137010528656478
0.01625,5.14096956718202e-05
0.01635,0.000165298160246235
0.01645,0.000157426819282129
0.01655,0.00017341548061547
0.01665,0.000214740020677029
0.01675,0.000115118361600057
0.01685,0.000236878167138578
0.01695,0.000256064560738588
0.01705,0.000278694666010394
0.01715,0.000309442091651434
0.01725,0.000148325581292381
0.01735,0.000350520652307865
0.01745,0.000382497974974547
0.01755,0.000316821473805284
0.01765,0.000272545180882185
0.01775,0.000210066411979591
0.01785,0.000243765590482171
0.01795,0.0002144940412719
0.01805,0.000193831771241121
0.01815,0.000169971768943673
0.01825,0.000107001041230822
0.01835,0.000165790119056492
0.01845,0.000191125997784709
0.01855,0.000191371977189838
0.01865,0.00023515631130268
0.01875,0.000134058775794938
0.01885,0.000259016313600128
0.01895,0.000341911373128373
0.01905,0.000315837556184771
0.01915,0.00029394538912835
0.01925,0.000160624551548797
0.01935,0.000304030544738611
0.01945,0.000279678583630907
0.01955,0.000188666203733426
0.01965,0.00017636723347701
0.01975,9.74078444308172e-05
0.01985,0.000142668054974429
0.01995,0.00011315052635903
0.02005,9.24882563282507e-05
0.02015,0.000101589494317999
0.02025,4.23084576820721e-05
0.02035,8.48628947692726e-05
0.02045,9.71618650256889e-05
0.02055,0.000109214855876977
0.02065,0.000118070114461597
0.02075,5.04257780513069e-05
0.02085,0.000133320837579553
0.02095,0.000145373828430841
0.02105,0.000157918778092385
0.02115,0.000186944347897528
0.02125,9.61779474051755e-05
0.02135,0.000240321878810375
0.02145,0.000275742913148854
0.02155,0.000253604766687304
0.02165,0.000346339002420683
0.02175,0.000213264144246259
0.02185,0.000397256739282247
0.02195,0.000353964363979661
0.02205,0.000366017354830949
0.02215,0.000425544370872004
0.02225,0.000204900844471896
0.02235,0.000388401480697627
0.02245,0.000311901885702718
0.02255,0.000347814878851453
0.02265,0.000311901885702718
0.02275,0.000153245169394947
0.02285,0.000311163947487333
0.02295,0.000285582089353987
0.02305,0.000260984148841154
0.02315,0.000241305796430888
0.02325,0.000131107022933398
0.02335,0.000239091981784733
0.02345,0.000228268887959087
0.02355,0.000205638782687281
0.02365,0.000187928265518041
0.02375,0.000114380423384672
0.02385,0.000200473215179586
0.02395,0.000191125997784709
0.02405,0.000197275482912918
0.02415,0.00018965012135394
0.02425,9.1258359302609e-05
0.02435,0.000195307647671891
0.02445,0.000224333217477034
0.02455,0.000196783524102661
0.02465,0.000195061668266763
0.02475,0.000114380423384672
0.02485,0.000172923521805213
0.02495,0.000163330325005209
0.02505,0.000155213004635974
0.02515,0.000118316093866725
0.02525,7.60076361846528e-05
0.02535,6.10028924718249e-05
0.02545,8.83066064410691e-05
0.02555,6.64144393846481e-05
0.02565,5.75591808000283e-05
0.02575,4.79659840000236e-05
0.02585,4.25544370872004e-05
0.02595,5.19016544820768e-05
0.02605,5.19016544820768e-05
0.02615,4.91958810256652e-05
0.02625,3.27152608820674e-05
0.02635,5.90350572307983e-05
0.02645,6.32167071179798e-05
0.02655,7.69915538051661e-05
0.02665,6.64144393846481e-05
0.02675,5.16556750769485e-05
0.02685,5.58373249641301e-05
0.02695,8.19111419077326e-05
0.02705,7.84674302359361e-05
0.02715,8.68307300102992e-05
0.02725,6.51845423590065e-05
0.02735,6.9366192246188e-05
0.02745,5.95270160410549e-05
0.02755,7.03501098667013e-05
0.02765,7.9205368451321e-05
0.02775,4.13245400615588e-05
0.02785,4.18164988718155e-05
0.02795,3.98486636307888e-05
0.02805,4.42762929230987e-05
0.02815,3.05014462359125e-05
0.02825,2.28760846769343e-05
0.02835,2.95175286153991e-05
0.02845,2.68117551589876e-05
0.02855,2.2630105271806e-05
0.02865,2.80416521846292e-05
0.02875,1.74645377641112e-05
0.02885,3.51750549333506e-05
0.02895,3.68969107692489e-05
0.02905,4.20624782769438e-05
0.02915,3.91107254154039e-05
0.02925,2.11542288410361e-05
0.02935,5.19016544820768e-05
0.02945,4.82119634051519e-05
0.02955,5.36235103179751e-05
0.02965,7.37938215384979e-05
0.02975,2.80416521846292e-05
0.02985,8.68307300102992e-05
0.02995,8.56008329846575e-05
0.03005,9.74078444308172e-05
0.03015,8.01892860718344e-05
0.03025,4.5260210543612e-05
0.03035,0.000113888464574415
0.03045,0.000105033205989795
0.03055,9.93756796718438e-05
0.03065,0.00010577114420518
0.03075,6.27247483077232e-05
0.03085,7.45317597538828e-05
0.03095,9.42101121641489e-05
0.03105,9.76538238359455e-05
0.03115,8.38789771487592e-05
0.03125,4.05866018461738e-05
0.03135,8.53548535795292e-05
0.03145,6.88742334359313e-05
0.03155,9.02744416820957e-05
0.03165,9.37181533538923e-05
0.03175,4.28004164923288e-05
0.03185,8.90445446564541e-05
0.03195,0.00012052990851288
0.03205,0.000121021867323137
0.03215,9.83917620513305e-05
0.03225,6.34626865231082e-05
0.03235,0.000134550734605194
0.03245,0.000164068263220594
0.03255,0.0001866983684924
0.03265,0.000176859192287267
0.03275,8.0681244882091e-05
0.03285,0.000151769292964177
0.03295,0.000141930116759044
0.03305,0.000193339812430864
0.03315,0.000153245169394947
0.03325,7.96973272615777e-05
0.03335,0.000156934860471872
0.03345,0.000122251764348778
0.03355,9.47020709744056e-05
0.03365,0.000128155270071858
0.03375,7.0104130461573e-05
0.03385,8.60927917949142e-05
0.03395,8.51088741744009e-05
0.03405,6.64144393846481e-05
0.03415,4.99338192410502e-05
0.03425,2.43519611077043e-05
0.03435,4.5260210543612e-05
0.03445,3.88647460102755e-05
0.03455,3.66509313641206e-05
0.03465,3.34531990974524e-05
0.03475,1.37748466871863e-05
0.03485,3.41911373128373e-05
0.03495,3.49290755282223e-05
0.03505,3.49290755282223e-05
0.03515,2.85336109948858e-05
0.03525,1.54967025230846e-05
0.03535,2.95175286153991e-05
0.03545,3.66509313641206e-05
0.03555,2.73037139692442e-05
0.03565,2.75496933743725e-05
0.03575,2.36140228923193e-05
0.03585,2.92715492102708e-05
0.03595,3.59129931487356e-05
0.03605,4.50142311384837e-05
0.03615,2.90255698051425e-05
0.03625,2.31220640820627e-05
0.03635,5.43614485333601e-05
0.03645,6.19868100923382e-05
0.03655,4.03406224410455e-05
0.03665,4.62441281641253e-05
0.03675,4.99338192410502e-05
0.03685,6.96121716513163e-05
0.03695,5.16556750769485e-05
0.03705,7.0842068676958e-05
0.03715,7.05960892718296e-05
0.03725,4.35383547077137e-05
0.03735,6.29707277128515e-05
0.03745,5.92810366359266e-05
0.03755,6.44466041436215e-05
0.03765,6.32167071179798e-05
0.03775,6.51845423590065e-05
0.03785,9.07664004923524e-05
0.03795,8.43709359590159e-05
0.03805,7.74835126154228e-05
0.03815,7.94513478564494e-05
0.03825,4.5998148758997e-05
0.03835,5.06717574564352e-05
0.03845,7.10880480820863e-05
0.03855,6.64144393846481e-05
0.03865,6.96121716513163e-05
0.03875,4.32923753025854e-05
0.03885,4.28004164923288e-05
0.03895,5.31315515077185e-05
0.03905,4.79659840000236e-05
0.03915,6.02649542564399e-05
0.03925,2.95175286153991e-05
0.03935,4.84579428102803e-05
0.03945,5.82971190154133e-05
0.03955,5.28855721025901e-05
0.03965,5.31315515077185e-05
0.03975,2.95175286153991e-05
0.03985,5.73132013949e-05
0.03995,6.27247483077232e-05
0.04005,4.47682517333554e-05
0.04015,6.54305217641348e-05
0.04025,4.96878398359219e-05
0.04035,6.98581510564447e-05
0.04045,5.46074279384884e-05
0.04055,7.30558833231129e-05
0.04065,8.33870183385026e-05
0.04075,5.97729954461833e-05
0.04085,7.52696979692678e-05
0.04095,8.38789771487592e-05
0.04105,7.23179451077279e-05
0.04115,6.56765011692631e-05
0.04125,5.55913455590017e-05
0.04135,7.18259862974713e-05
0.04145,8.92905240615824e-05
0.04155,5.63292837743867e-05
0.04165,6.14948512820816e-05
0.04175,4.69820663795103e-05
0.04185,8.85525858461974e-05
0.04195,7.20719657025996e-05
0.04205,6.69063981949047e-05
0.04215,5.73132013949e-05
0.04225,2.75496933743725e-05
0.04235,6.54305217641348e-05
0.04245,4.37843341128421e-05
0.04255,6.49385629538781e-05
0.04265,4.57521693538687e-05
0.04275,2.43519611077043e-05
0.04285,5.75591808000283e-05
0.04295,4.47682517333554e-05
0.04305,4.18164988718155e-05
0.04315,3.44371167179657e-05
0.04325,2.38600022974476e-05
0.04335,4.03406224410455e-05
0.04345,6.00189748513116e-05
0.04355,3.07474256410408e-05
0.04365,4.03406224410455e-05
0.04375,2.53358787282176e-05
0.04385,5.33775309128468e-05
0.04395,5.01797986461786e-05
0.04405,5.60833043692584e-05
0.04415,5.46074279384884e-05
0.04425,1.91863936000094e-05
0.04435,4.05866018461738e-05
0.04445,4.08325812513022e-05
0.04455,3.98486636307888e-05
0.04465,4.84579428102803e-05
0.04475,2.3368043487191e-05
0.04485,2.1892167056421e-05
0.04495,3.00094874256558e-05
0.04505,4.50142311384837e-05
0.04515,3.73888695795056e-05
0.04525,2.31220640820627e-05
0.04535,4.50142311384837e-05
0.04545,3.51750549333506e-05
0.04555,4.37843341128421e-05
0.04565,5.48534073436167e-05
0.04575,3.6158972553864e-05
0.04585,3.56670137436073e-05
0.04595,4.30463958974571e-05
0.04605,3.07474256410408e-05
0.04615,4.4522272328227e-05
0.04625,2.04162906256511e-05
0.04635,4.23084576820721e-05
0.04645,5.04257780513069e-05
0.04655,5.14096956718202e-05
0.04665,2.73037139692442e-05
0.04675,2.31220640820627e-05
0.04685,4.10785606564305e-05
0.04695,3.86187666051472e-05
0.04705,5.31315515077185e-05
0.04715,2.97635080205275e-05
0.04725,2.01703112205228e-05
0.04735,3.00094874256558e-05
0.04745,3.81268077948906e-05
0.04755,4.28004164923288e-05
0.04765,3.91107254154039e-05
0.04775,2.31220640820627e-05
0.04785,4.69820663795103e-05
0.04795,3.17313432615541e-05
0.04805,2.95175286153991e-05
0.04815,4.94418604307936e-05
0.04825,1.42668054974429e-05
0.04835,3.02554668307841e-05
0.04845,3.41911373128373e-05
0.04855,3.78808283897622e-05
0.04865,3.29612402871957e-05
0.04875,1.30369084718013e-05
0.04885,3.98486636307888e-05
0.04895,4.05866018461738e-05
0.04905,4.13245400615588e-05
0.04915,2.90255698051425e-05
0.04925,1.62346407384695e-05
0.04935,3.22233020718107e-05
0.04945,3.51750549333506e-05
0.04955,2.55818581333459e-05
0.04965,2.50898993230893e-05
0.04975,1.18070114461597e-05
0.04985,1.86944347897528e-05
0.04995,2.4105981702576e-05
0.05005,3.71428901743773e-05
0.05015,3.19773226666824e-05
0.05025,1.22989702564163e-05
0.05035,2.97635080205275e-05
0.05045,3.71428901743773e-05
0.05055,2.68117551589876e-05
0.05065,3.34531990974524e-05
0.05075,2.31220640820627e-05
0.05085,2.28760846769343e-05
0.05095,3.02554668307841e-05
0.05105,3.05014462359125e-05
0.05115,3.00094874256558e-05
0.05125,1.42668054974429e-05
0.05135,2.73037139692442e-05
0.05145,2.63197963487309e-05
0.05155,2.2630105271806e-05
0.05165,1.86944347897528e-05
0.05175,1.32828878769296e-05
0.05185,2.31220640820627e-05
0.05195,2.68117551589876e-05
0.05205,2.65657757538592e-05
0.05215,4.10785606564305e-05
0.05225,1.74645377641112e-05
0.05235,2.65657757538592e-05
0.05245,3.3945157907709e-05
0.05255,2.2630105271806e-05
0.05265,2.1892167056421e-05
0.05275,1.32828878769296e-05
0.05285,1.67265995487262e-05
0.05295,3.3207219692324e-05
0.05305,2.58278375384743e-05
0.05315,2.4105981702576e-05
0.05325,1.03311350153897e-05
0.05335,1.74645377641112e-05
0.05345,2.09082494359077e-05
0.05355,2.04162906256511e-05
0.05365,1.72185583589828e-05
0.05375,1.69725789538545e-05
0.05385,2.28760846769343e-05
0.05395,2.53358787282176e-05
0.05405,2.3368043487191e-05
0.05415,2.3368043487191e-05
0.05425,1.0577114420518e-05
0.05435,2.2630105271806e-05
0.05445,1.82024759794961e-05
0.05455,2.11542288410361e-05
0.05465,1.79564965743678e-05
0.05475,6.88742334359313e-06
0.05485,1.64806201435979e-05
0.05495,2.63197963487309e-05
0.05505,1.37748466871863e-05
0.05515,1.79564965743678e-05
0.05525,1.37748466871863e-05
0.05535,2.04162906256511e-05
0.05545,1.84484553846245e-05
0.05555,1.47587643076996e-05
0.05565,1.52507231179562e-05
0.05575,5.90350572307983e-06
0.05585,1.52507231179562e-05
0.05595,1.50047437128279e-05
0.05605,1.42668054974429e-05
0.05615,2.01703112205228e-05
0.05625,1.15610320410313e-05
0.05635,2.43519611077043e-05
0.05645,2.06622700307794e-05
0.05655,1.72185583589828e-05
0.05665,2.16461876512927e-05
0.05675,1.22989702564163e-05
0.05685,2.09082494359077e-05
0.05695,1.35288672820579e-05
0.05705,1.59886613333412e-05
0.05715,2.06622700307794e-05
0.05725,7.37938215384979e-06
0.05735,1.35288672820579e-05
0.05745,1.69725789538545e-05
0.05755,2.31220640820627e-05
0.05765,1.45127849025712e-05
0.05775,6.88742334359313e-06
0.05785,1.91863936000094e-05
0.05795,2.2630105271806e-05
0.05805,1.69725789538545e-05
0.05815,1.69725789538545e-05
0.05825,8.11732036923477e-06
0.05835,1.94323730051378e-05
0.05845,1.86944347897528e-05
0.05855,1.40208260923146e-05
0.05865,2.01703112205228e-05
0.05875,9.59319680000472e-06
0.05885,1.59886613333412e-05
0.05895,1.84484553846245e-05
0.05905,1.50047437128279e-05
0.05915,1.72185583589828e-05
0.05925,6.88742334359313e-06
0.05935,1.91863936000094e-05
0.05945,1.94323730051378e-05
0.05955,1.10690732307747e-05
0.05965,1.42668054974429e-05
0.05975,7.87134096410644e-06
0.05985,1.62346407384695e-05
0.05995,1.35288672820579e-05
0.06005,1.62346407384695e-05
0.06015,1.0577114420518e-05
0.06025,9.3472173948764e-06
0.06035,1.67265995487262e-05
0.06045,1.37748466871863e-05
0.06055,1.47587643076996e-05
0.06065,1.52507231179562e-05
0.06075,7.13340274872146e-06
0.06085,1.35288672820579e-05
0.06095,1.35288672820579e-05
0.06105,1.2790929066673e-05
0.06115,1.37748466871863e-05
0.06125,9.10123798974807e-06
0.06135,1.18070114461597e-05
0.06145,1.99243318153944e-05
0.06155,9.3472173948764e-06
0.06165,1.2790929066673e-05
0.06175,1.0577114420518e-05
0.06185,1.32828878769296e-05
0.06195,1.18070114461597e-05
0.06205,8.36329977436309e-06
0.06215,1.86944347897528e-05
0.06225,4.42762929230987e-06
0.06235,1.45127849025712e-05
0.06245,1.22989702564163e-05
0.06255,1.32828878769296e-05
0.06265,1.1315052635903e-05
0.06275,8.36329977436309e-06
0.06285,1.62346407384695e-05
0.06295,1.47587643076996e-05
0.06305,1.37748466871863e-05
0.06315,1.35288672820579e-05
0.06325,6.14948512820816e-06
0.06335,1.10690732307747e-05
0.06345,1.25449496615446e-05
0.06355,1.0577114420518e-05
0.06365,1.18070114461597e-05
0.06375,8.60927917949142e-06
0.06385,1.25449496615446e-05
0.06395,1.42668054974429e-05
0.06405,1.2790929066673e-05
0.06415,1.25449496615446e-05
0.06425,7.37938215384979e-06
0.06435,1.45127849025712e-05
0.06445,1.2052990851288e-05
0.06455,1.0577114420518e-05
0.06465,8.11732036923477e-06
0.06475,6.64144393846481e-06
0.06485,9.10123798974807e-06
0.06495,7.62536155897811e-06
0.06505,1.08230938256464e-05
0.06515,1.47587643076996e-05
0.06525,8.36329977436309e-06
0.06535,1.47587643076996e-05
0.06545,1.18070114461597e-05
0.06555,1.25449496615446e-05
0.06565,1.30369084718013e-05
0.06575,4.91958810256652e-06
0.06585,1.22989702564163e-05
0.06595,1.18070114461597e-05
0.06605,1.03311350153897e-05
0.06615,1.03311350153897e-05
0.06625,5.90350572307983e-06
0.06635,1.22989702564163e-05
0.06645,1.25449496615446e-05
0.06655,8.36329977436309e-06
0.06665,1.25449496615446e-05
0.06675,4.42762929230987e-06
0.06685,1.2052990851288e-05
0.06695,1.03311350153897e-05
0.06705,1.00851556102614e-05
0.06715,7.62536155897811e-06
0.06725,7.62536155897811e-06
0.06735,1.2790929066673e-05
0.06745,1.18070114461597e-05
0.06755,1.0577114420518e-05
0.06765,1.00851556102614e-05
0.06775,3.19773226666824e-06
0.06785,1.00851556102614e-05
0.06795,7.62536155897811e-06
0.06805,1.50047437128279e-05
0.06815,1.57426819282129e-05
0.06825,3.93567048205322e-06
0.06835,1.32828878769296e-05
0.06845,1.22989702564163e-05
0.06855,1.0577114420518e-05
0.06865,9.83917620513305e-06
0.06875,5.6575263179515e-06
0.06885,1.25449496615446e-05
0.06895,1.22989702564163e-05
0.06905,1.08230938256464e-05
0.06915,1.0577114420518e-05
0.06925,3.19773226666824e-06
0.06935,1.15610320410313e-05
0.06945,1.00851556102614e-05
0.06955,9.10123798974807e-06
0.06965,1.2052990851288e-05
0.06975,8.60927917949142e-06
0.06985,1.1315052635903e-05
0.06995,1.22989702564163e-05
0.07005,7.13340274872146e-06
0.07015,7.13340274872146e-06
0.07025,6.64144393846481e-06
0.07035,1.32828878769296e-05
0.07045,1.18070114461597e-05
0.07055,7.62536155897811e-06
0.07065,7.37938215384979e-06
0.07075,5.16556750769485e-06
0.07085,1.03311350153897e-05
0.07095,1.15610320410313e-05
0.07105,1.18070114461597e-05
0.07115,1.18070114461597e-05
0.07125,5.41154691282318e-06
0.07135,1.10690732307747e-05
0.07145,1.2052990851288e-05
0.07155,9.3472173948764e-06
0.07165,1.00851556102614e-05
0.07175,6.64144393846481e-06
0.07185,7.62536155897811e-06
0.07195,1.22989702564163e-05
0.07205,6.39546453333648e-06
0.07215,7.13340274872146e-06
0.07225,6.39546453333648e-06
0.07235,6.88742334359313e-06
0.07245,8.60927917949142e-06
0.07255,1.0577114420518e-05
0.07265,6.88742334359313e-06
0.07275,3.68969107692489e-06
0.07285,7.87134096410644e-06
0.07295,9.3472173948764e-06
0.07305,7.62536155897811e-06
0.07315,1.1315052635903e-05
0.07325,6.39546453333648e-06
0.07335,9.59319680000472e-06
0.07345,7.13340274872146e-06
0.07355,6.88742334359313e-06
0.07365,6.64144393846481e-06
0.07375,5.16556750769485e-06
0.07385,6.88742334359313e-06
0.07395,1.00851556102614e-05
0.07405,9.3472173948764e-06
0.07415,1.35288672820579e-05
0.07425,5.41154691282318e-06
0.07435,1.08230938256464e-05
0.07445,5.90350572307983e-06
0.07455,8.85525858461974e-06
0.07465,1.00851556102614e-05
0.07475,6.39546453333648e-06
0.07485,1.0577114420518e-05
0.07495,1.0577114420518e-05
0.07505,7.87134096410644e-06
0.07515,6.64144393846481e-06
0.07525,3.19773226666824e-06
0.07535,4.6736086974382e-06
0.07545,7.13340274872146e-06
0.07555,5.41154691282318e-06
0.07565,7.37938215384979e-06
0.07575,4.42762929230987e-06
0.07585,1.15610320410313e-05
0.07595,9.10123798974807e-06
0.07605,9.10123798974807e-06
0.07615,1.03311350153897e-05
0.07625,4.91958810256652e-06
0.07635,6.39546453333648e-06
0.07645,8.11732036923477e-06
0.07655,1.15610320410313e-05
0.07665,9.10123798974807e-06
0.07675,6.14948512820816e-06
0.07685,6.88742334359313e-06
0.07695,4.6736086974382e-06
0.07705,9.59319680000472e-06
0.07715,7.62536155897811e-06
0.07725,1.96783524102661e-06
0.07735,9.10123798974807e-06
0.07745,7.13340274872146e-06
0.07755,1.2052990851288e-05
0.07765,6.39546453333648e-06
0.07775,3.44371167179657e-06
0.07785,1.18070114461597e-05
0.07795,5.90350572307983e-06
0.07805,9.83917620513305e-06
0.07815,1.18070114461597e-05
0.07825,2.95175286153991e-06
0.07835,6.39546453333648e-06
0.07845,7.37938215384979e-06
0.07855,6.88742334359313e-06
0.07865,5.6575263179515e-06
0.07875,3.68969107692489e-06
0.07885,5.90350572307983e-06
0.07895,8.36329977436309e-06
0.07905,7.62536155897811e-06
0.07915,6.64144393846481e-06
0.07925,5.6575263179515e-06
0.07935,7.13340274872146e-06
0.07945,1.10690732307747e-05
0.07955,1.10690732307747e-05
0.07965,9.3472173948764e-06
0.07975,4.42762929230987e-06
0.07985,4.6736086974382e-06
0.07995,3.93567048205322e-06
0.08005,4.91958810256652e-06
0.08015,5.6575263179515e-06
0.08025,3.68969107692489e-06
0.08035,3.68969107692489e-06
0.08045,6.14948512820816e-06
0.08055,2.70577345641159e-06
0.08065,6.14948512820816e-06
0.08075,2.21381464615494e-06
0.08085,5.90350572307983e-06
0.08095,5.41154691282318e-06
0.08105,4.42762929230987e-06
0.08115,9.3472173948764e-06
0.08125,3.19773226666824e-06
0.08135,6.64144393846481e-06
0.08145,7.13340274872146e-06
0.08155,5.6575263179515e-06
0.08165,6.14948512820816e-06
0.08175,2.70577345641159e-06
0.08185,5.16556750769485e-06
0.08195,5.90350572307983e-06
0.08205,3.44371167179657e-06
0.08215,5.6575263179515e-06
0.08225,5.41154691282318e-06
0.08235,5.16556750769485e-06
0.08245,6.64144393846481e-06
0.08255,4.91958810256652e-06
0.08265,6.64144393846481e-06
0.08275,2.21381464615494e-06
0.08285,8.36329977436309e-06
0.08295,6.88742334359313e-06
0.08305,5.90350572307983e-06
0.08315,5.6575263179515e-06
0.08325,4.18164988718155e-06
0.08335,5.16556750769485e-06
0.08345,8.85525858461974e-06
0.08355,6.39546453333648e-06
0.08365,7.37938215384979e-06
0.08375,6.39546453333648e-06
0.08385,3.68969107692489e-06
0.08395,7.13340274872146e-06
0.08405,4.18164988718155e-06
0.08415,5.90350572307983e-06
0.08425,3.44371167179657e-06
0.08435,1.00851556102614e-05
0.08445,6.88742334359313e-06
0.08455,5.90350572307983e-06
0.08465,7.87134096410644e-06
0.08475,1.72185583589828e-06
0.08485,6.88742334359313e-06
0.08495,8.60927917949142e-06
0.08505,3.68969107692489e-06
0.08515,5.41154691282318e-06
0.08525,4.42762929230987e-06
0.08535,5.41154691282318e-06
0.08545,7.87134096410644e-06
0.08555,5.41154691282318e-06
0.08565,5.6575263179515e-06
0.08575,3.19773226666824e-06
0.08585,6.64144393846481e-06
0.08595,4.6736086974382e-06
0.08605,4.42762929230987e-06
0.08615,5.90350572307983e-06
0.08625,3.93567048205322e-06
0.08635,6.64144393846481e-06
0.08645,9.59319680000472e-06
0.08655,6.88742334359313e-06
0.08665,5.41154691282318e-06
0.08675,3.68969107692489e-06
0.08685,8.60927917949142e-06
0.08695,2.95175286153991e-06
0.08705,7.13340274872146e-06
0.08715,7.13340274872146e-06
0.08725,4.91958810256652e-07
0.08735,6.88742334359313e-06
0.08745,4.42762929230987e-06
0.08755,2.45979405128326e-06
0.08765,3.93567048205322e-06
0.08775,4.91958810256652e-07
0.08785,8.11732036923477e-06
0.08795,4.18164988718155e-06
0.08805,5.16556750769485e-06
0.08815,4.6736086974382e-06
0.08825,3.68969107692489e-06
0.08835,4.18164988718155e-06
0.08845,5.90350572307983e-06
0.08855,4.18164988718155e-06
0.08865,4.18164988718155e-06
0.08875,3.19773226666824e-06
0.08885,6.39546453333648e-06
0.08895,6.88742334359313e-06
0.08905,2.45979405128326e-06
0.08915,1.96783524102661e-06
0.08925,1.96783524102661e-06
0.08935,4.42762929230987e-06
0.08945,4.6736086974382e-06
0.08955,3.68969107692489e-06
0.08965,5.41154691282318e-06
0.08975,2.95175286153991e-06
0.08985,6.14948512820816e-06
0.08995,7.13340274872146e-06
0.09005,4.18164988718155e-06
0.09015,6.39546453333648e-06
0.09025,3.93567048205322e-06
0.09035,3.68969107692489e-06
0.09045,7.13340274872146e-06
0.09055,5.90350572307983e-06
0.09065,2.45979405128326e-06
0.09075,1.22989702564163e-06
0.09085,5.90350572307983e-06
0.09095,4.6736086974382e-06
0.09105,4.6736086974382e-06
0.09115,6.88742334359313e-06
0.09125,4.91958810256652e-07
0.09135,2.95175286153991e-06
0.09145,4.6736086974382e-06
0.09155,7.13340274872146e-06
0.09165,4.6736086974382e-06
0.09175,9.83917620513305e-07
0.09185,3.68969107692489e-06
0.09195,7.62536155897811e-06
0.09205,3.19773226666824e-06
0.09215,2.95175286153991e-06
0.09225,9.83917620513305e-07
0.09235,1.47587643076996e-06
0.09245,3.93567048205322e-06
0.09255,5.90350572307983e-06
0.09265,3.19773226666824e-06
0.09275,1.72185583589828e-06
0.09285,3.93567048205322e-06
0.09295,5.90350572307983e-06
0.09305,2.70577345641159e-06
0.09315,4.91958810256652e-06
0.09325,4.91958810256652e-07
0.09335,6.88742334359313e-06
0.09345,4.6736086974382e-06
0.09355,2.95175286153991e-06
0.09365,4.91958810256652e-06
0.09375,1.47587643076996e-06
0.09385,5.90350572307983e-06
0.09395,4.6736086974382e-06
0.09405,4.18164988718155e-06
0.09415,3.19773226666824e-06
0.09425,3.93567048205322e-06
0.09435,6.64144393846481e-06
0.09445,4.18164988718155e-06
0.09455,1.96783524102661e-06
0.09465,4.18164988718155e-06
0.09475,3.19773226666824e-06
0.09485,5.6575263179515e-06
0.09495,4.42762929230987e-06
0.09505,5.41154691282318e-06
0.09515,3.68969107692489e-06
0.09525,1.47587643076996e-06
0.09535,5.16556750769485e-06
0.09545,4.18164988718155e-06
0.09555,2.21381464615494e-06
0.09565,3.19773226666824e-06
0.09575,2.21381464615494e-06
0.09585,4.42762929230987e-06
0.09595,5.90350572307983e-06
0.09605,4.6736086974382e-06
0.09615,7.62536155897811e-06
0.09625,1.96783524102661e-06
0.09635,2.45979405128326e-06
0.09645,4.91958810256652e-06
0.09655,4.91958810256652e-06
0.09665,3.68969107692489e-06
0.09675,9.83917620513305e-07
0.09685,5.16556750769485e-06
0.09695,4.18164988718155e-06
0.09705,3.44371167179657e-06
0.09715,2.95175286153991e-06
0.09725,1.47587643076996e-06
0.09735,2.70577345641159e-06
0.09745,2.70577345641159e-06
0.09755,2.70577345641159e-06
0.09765,1.96783524102661e-06
0.09775,1.47587643076996e-06
0.09785,3.93567048205322e-06
0.09795,3.44371167179657e-06
0.09805,3.19773226666824e-06
0.09815,2.45979405128326e-06
0.09825,2.21381464615494e-06
0.09835,1.96783524102661e-06
0.09845,2.95175286153991e-06
0.09855,3.68969107692489e-06
0.09865,4.18164988718155e-06
0.09875,1.22989702564163e-06
0.09885,3.68969107692489e-06
0.09895,2.95175286153991e-06
0.09905,2.21381464615494e-06
0.09915,4.18164988718155e-06
0.09925,1.96783524102661e-06
0.09935,2.21381464615494e-06
0.09945,3.68969107692489e-06
0.09955,2.45979405128326e-06
0.09965,3.68969107692489e-06
0.09975,2.21381464615494e-06
0.09985,9.83917620513305e-07
0.09995,4.42762929230987e-06
0.10005,2.95175286153991e-06
0.10015,2.95175286153991e-06
0.10025,9.83917620513305e-07
0.10035,2.45979405128326e-06
0.10045,2.21381464615494e-06
0.10055,4.91958810256652e-06
0.10065,5.41154691282318e-06
0.10075,2.21381464615494e-06
0.10085,4.6736086974382e-06
0.10095,3.19773226666824e-06
0.10105,4.6736086974382e-06
0.10115,2.45979405128326e-06
0.10125,9.83917620513305e-07
0.10135,6.39546453333648e-06
0.10145,4.91958810256652e-06
0.10155,3.19773226666824e-06
0.10165,5.90350572307983e-06
0.10175,3.19773226666824e-06
0.10185,1.47587643076996e-06
0.10195,4.6736086974382e-06
0.10205,5.16556750769485e-06
0.10215,2.70577345641159e-06
0.10225,1.47587643076996e-06
0.10235,5.6575263179515e-06
0.10245,2.45979405128326e-06
0.10255,5.16556750769485e-06
0.10265,5.90350572307983e-06
0.10275,2.70577345641159e-06
0.10285,2.45979405128326e-06
0.10295,4.6736086974382e-06
0.10305,2.95175286153991e-06
0.10315,4.6736086974382e-06
0.10325,1.47587643076996e-06
0.10335,1.96783524102661e-06
0.10345,1.96783524102661e-06
0.10355,9.83917620513305e-07
0.10365,3.93567048205322e-06
0.10375,3.19773226666824e-06
0.10385,6.88742334359313e-06
0.10395,3.68969107692489e-06
0.10405,1.47587643076996e-06
0.10415,2.70577345641159e-06
0.10425,2.45979405128326e-06
0.10435,3.68969107692489e-06
0.10445,3.68969107692489e-06
0.10455,2.95175286153991e-06
0.10465,3.19773226666824e-06
0.10485,1.47587643076996e-06
0.10495,6.39546453333648e-06
0.10505,2.45979405128326e-06
0.10515,3.44371167179657e-06
0.10525,3.44371167179657e-06
0.10535,2.21381464615494e-06
0.10545,1.96783524102661e-06
0.10555,4.91958810256652e-06
0.10565,3.68969107692489e-06
0.10575,4.91958810256652e-07
0.10585,1.96783524102661e-06
0.10595,1.47587643076996e-06
0.10605,2.95175286153991e-06
0.10615,2.95175286153991e-06
0.10625,2.45979405128326e-06
0.10635,3.44371167179657e-06
0.10645,2.45979405128326e-06
0.10655,2.21381464615494e-06
0.10665,2.45979405128326e-06
0.10675,9.83917620513305e-07
0.10685,9.83917620513305e-07
0.10695,2.21381464615494e-06
0.10705,1.96783524102661e-06
0.10715,2.70577345641159e-06
0.10725,4.91958810256652e-07
0.10735,3.19773226666824e-06
0.10745,3.44371167179657e-06
0.10755,3.19773226666824e-06
0.10765,4.18164988718155e-06
0.10775,9.83917620513305e-07
0.10785,2.45979405128326e-06
0.10795,3.19773226666824e-06
0.10805,4.18164988718155e-06
0.10815,3.19773226666824e-06
0.10825,1.47587643076996e-06
0.10835,9.83917620513305e-07
0.10845,2.21381464615494e-06
0.10855,3.19773226666824e-06
0.10865,3.19773226666824e-06
0.10875,1.22989702564163e-06
0.10885,2.95175286153991e-06
0.10895,5.90350572307983e-06
0.10905,3.68969107692489e-06
0.10915,1.47587643076996e-06
0.10925,1.72185583589828e-06
0.10935,2.70577345641159e-06
0.10945,2.45979405128326e-06
0.10955,6.88742334359313e-06
0.10965,3.93567048205322e-06
0.10975,1.96783524102661e-06
0.10985,3.19773226666824e-06
0.10995,2.95175286153991e-06
0.11005,5.16556750769485e-06
0.11015,1.96783524102661e-06
0.11025,1.72185583589828e-06
0.11035,2.70577345641159e-06
0.11045,3.19773226666824e-06
0.11055,3.19773226666824e-06
0.11065,2.95175286153991e-06
0.11075,9.83917620513305e-07
0.11085,1.96783524102661e-06
0.11095,1.96783524102661e-06
0.11105,2.70577345641159e-06
0.11115,1.47587643076996e-06
0.11125,1.47587643076996e-06
0.11135,2.70577345641159e-06
0.11145,2.95175286153991e-06
0.11155,3.19773226666824e-06
0.11175,9.83917620513305e-07
0.11185,1.47587643076996e-06
0.11195,2.21381464615494e-06
0.11205,3.19773226666824e-06
0.11215,1.47587643076996e-06
0.11225,9.83917620513305e-07
0.11235,5.90350572307983e-06
0.11245,1.72185583589828e-06
0.11255,2.21381464615494e-06
0.11265,3.68969107692489e-06
0.11285,1.47587643076996e-06
0.11295,1.96783524102661e-06
0.11305,1.96783524102661e-06
0.11315,2.45979405128326e-06
0.11325,4.91958810256652e-06
0.11335,3.19773226666824e-06
0.11345,1.96783524102661e-06
0.11355,1.47587643076996e-06
0.11365,2.21381464615494e-06
0.11375,4.91958810256652e-07
0.11385,1.47587643076996e-06
0.11395,1.47587643076996e-06
0.11405,9.83917620513305e-07
0.11425,4.91958810256652e-07
0.11435,2.21381464615494e-06
0.11445,3.44371167179657e-06
0.11455,4.42762929230987e-06
0.11465,9.83917620513305e-07
0.11475,9.83917620513305e-07
0.11485,3.44371167179657e-06
0.11495,4.42762929230987e-06
0.11505,1.47587643076996e-06
0.11515,1.47587643076996e-06
0.11525,9.83917620513305e-07
0.11535,9.83917620513305e-07
0.11545,2.95175286153991e-06
0.11555,2.70577345641159e-06
0.11565,3.68969107692489e-06
0.11575,4.91958810256652e-07
0.11585,2.45979405128326e-06
0.11595,1.47587643076996e-06
0.11605,1.96783524102661e-06
0.11615,3.19773226666824e-06
0.11625,1.72185583589828e-06
0.11635,2.21381464615494e-06
0.11645,1.47587643076996e-06
0.11655,1.47587643076996e-06
0.11665,1.72185583589828e-06
0.11675,4.91958810256652e-07
0.11685,4.91958810256652e-07
0.11695,2.45979405128326e-06
0.11705,1.47587643076996e-06
0.11715,1.47587643076996e-06
0.11725,9.83917620513305e-07
0.11735,1.96783524102661e-06
0.11755,2.21381464615494e-06
0.11765,9.83917620513305e-07
0.11775,1.47587643076996e-06
0.11785,9.83917620513305e-07
0.11795,2.95175286153991e-06
0.11805,1.96783524102661e-06
0.11815,1.72185583589828e-06
0.11825,9.83917620513305e-07
0.11835,2.21381464615494e-06
0.11845,1.47587643076996e-06
0.11855,9.83917620513305e-07
0.11865,9.83917620513305e-07
0.11875,1.72185583589828e-06
0.11885,9.83917620513305e-07
0.11895,2.21381464615494e-06
0.11905,1.47587643076996e-06
0.11915,1.96783524102661e-06
0.11925,1.96783524102661e-06
0.11935,4.91958810256652e-07
0.11945,1.47587643076996e-06
0.11955,9.83917620513305e-07
0.11965,4.91958810256652e-07
0.11975,4.91958810256652e-07
0.11985,2.45979405128326e-06
0.11995,2.45979405128326e-06
0.12005,9.83917620513305e-07
0.12025,9.83917620513305e-07
0.12035,1.96783524102661e-06
0.12045,1.72185583589828e-06
0.12055,9.83917620513305e-07
0.12065,1.96783524102661e-06
0.12075,9.83917620513305e-07
0.12085,9.83917620513305e-07
0.12095,1.96783524102661e-06
0.12115,1.47587643076996e-06
0.12125,4.91958810256652e-07
0.12135,1.47587643076996e-06
0.12155,1.96783524102661e-06
0.12165,1.47587643076996e-06
0.12175,9.83917620513305e-07
0.12185,9.83917620513305e-07
0.12195,9.83917620513305e-07
0.12205,2.95175286153991e-06
0.12215,4.91958810256652e-07
0.12235,9.83917620513305e-07
0.12245,9.83917620513305e-07
0.12255,1.96783524102661e-06
0.12265,2.95175286153991e-06
0.12275,9.83917620513305e-07
0.12285,2.70577345641159e-06
0.12295,2.95175286153991e-06
0.12305,3.19773226666824e-06
0.12315,1.47587643076996e-06
0.12325,9.83917620513305e-07
0.12335,4.91958810256652e-07
0.12345,1.96783524102661e-06
0.12355,1.47587643076996e-06
0.12365,2.45979405128326e-06
0.12375,4.91958810256652e-07
0.12385,2.70577345641159e-06
0.12395,1.96783524102661e-06
0.12405,4.91958810256652e-07
0.12415,1.47587643076996e-06
0.12425,9.83917620513305e-07
0.12435,1.47587643076996e-06
0.12445,1.47587643076996e-06
0.12455,1.47587643076996e-06
0.12465,2.45979405128326e-06
0.12485,1.47587643076996e-06
0.12495,9.83917620513305e-07
0.12505,4.91958810256652e-07
0.12535,9.83917620513305e-07
0.12545,2.95175286153991e-06
0.12555,4.91958810256652e-07
0.12565,9.83917620513305e-07
0.12575,4.91958810256652e-07
0.12585,1.47587643076996e-06
0.12595,1.96783524102661e-06
0.12605,1.47587643076996e-06
0.12615,2.95175286153991e-06
0.12635,1.47587643076996e-06
0.12645,1.47587643076996e-06
0.12665,9.83917620513305e-07
0.12675,9.83917620513305e-07
0.12695,4.91958810256652e-06
0.12705,4.91958810256652e-07
0.12725,4.91958810256652e-07
0.12735,4.91958810256652e-07
0.12745,2.45979405128326e-06
0.12785,3.19773226666824e-06
0.12795,1.96783524102661e-06
0.12805,1.47587643076996e-06
0.12815,1.96783524102661e-06
0.12825,4.91958810256652e-07
0.12835,1.47587643076996e-06
0.12845,1.96783524102661e-06
0.12855,3.19773226666824e-06
0.12875,4.91958810256652e-07
0.12885,9.83917620513305e-07
0.12895,1.96783524102661e-06
0.12905,9.83917620513305e-07
0.12925,4.91958810256652e-07
0.12935,9.83917620513305e-07
0.12945,1.96783524102661e-06
0.12955,4.91958810256652e-07
0.12965,4.91958810256652e-07
0.12975,4.91958810256652e-07
0.12985,4.91958810256652e-07
0.12995,1.72185583589828e-06
0.13015,4.91958810256652e-07
0.13045,4.91958810256652e-07
0.13055,9.83917620513305e-07
0.13065,4.91958810256652e-07
0.13085,1.47587643076996e-06
0.13095,4.91958810256652e-07
0.13105,9.83917620513305e-07
0.13115,9.83917620513305e-07
0.13125,4.91958810256652e-07
0.13135,1.47587643076996e-06
0.13145,9.83917620513305e-07
0.13155,1.72185583589828e-06
0.13165,9.83917620513305e-07
0.13175,4.91958810256652e-07
0.13195,4.91958810256652e-07
0.13205,4.91958810256652e-07
0.13215,9.83917620513305e-07
0.13225,4.91958810256652e-07
0.13235,3.19773226666824e-06
0.13245,1.47587643076996e-06
0.13255,1.47587643076996e-06
0.13265,1.47587643076996e-06
0.13275,4.91958810256652e-07
0.13285,1.96783524102661e-06
0.13305,9.83917620513305e-07
0.13315,1.96783524102661e-06
0.13325,4.91958810256652e-07
0.13335,9.83917620513305e-07
0.13345,4.91958810256652e-07
0.13365,4.91958810256652e-07
0.13375,4.91958810256652e-07
0.13385,4.91958810256652e-07
0.13395,4.91958810256652e-07
0.13405,9.83917620513305e-07
0.13415,9.83917620513305e-07
0.13425,4.91958810256652e-07
0.13435,4.91958810256652e-07
0.13445,9.83917620513305e-07
0.13455,9.83917620513305e-07
0.13465,2.70577345641159e-06
0.13475,4.91958810256652e-07
0.13485,4.91958810256652e-07
0.13495,1.47587643076996e-06
0.13505,3.44371167179657e-06
0.13525,1.22989702564163e-06
0.13535,9.83917620513305e-07
0.13545,9.83917620513305e-07
0.13565,4.91958810256652e-07
0.13585,3.19773226666824e-06
0.13595,9.83917620513305e-07
0.13605,3.44371167179657e-06
0.13635,9.83917620513305e-07
0.13645,4.91958810256652e-07
0.13655,4.91958810256652e-07
0.13665,4.91958810256652e-07
0.13675,4.91958810256652e-07
0.13685,9.83917620513305e-07
0.13705,4.91958810256652e-07
0.13715,9.83917620513305e-07
0.13725,4.91958810256652e-07
0.13735,1.96783524102661e-06
0.13745,9.83917620513305e-07
0.13755,1.96783524102661e-06
0.13765,1.47587643076996e-06
0.13775,4.91958810256652e-07
0.13785,4.91958810256652e-07
0.13805,4.91958810256652e-07
0.13815,9.83917620513305e-07
0.13835,4.91958810256652e-07
0.13855,2.21381464615494e-06
0.13865,1.47587643076996e-06
0.13895,9.83917620513305e-07
0.13905,4.91958810256652e-07
0.13915,1.22989702564163e-06
0.13935,9.83917620513305e-07
0.13945,4.91958810256652e-07
0.13955,1.47587643076996e-06
0.13975,4.91958810256652e-07
0.13995,9.83917620513305e-07
0.14005,4.91958810256652e-07
0.14015,4.91958810256652e-07
0.14025,1.47587643076996e-06
0.14035,4.91958810256652e-07
0.14075,4.91958810256652e-07
0.14085,1.96783524102661e-06
0.14095,4.91958810256652e-07
0.14105,4.91958810256652e-07
0.14115,1.72185583589828e-06
0.14135,9.83917620513305e-07
0.14145,4.91958810256652e-07
0.14155,4.91958810256652e-07
0.14165,4.91958810256652e-07
0.14175,9.83917620513305e-07
0.14185,4.91958810256652e-07
0.14195,9.83917620513305e-07
0.14205,4.91958810256652e-07
0.14225,9.83917620513305e-07
0.14245,9.83917620513305e-07
0.14255,4.91958810256652e-07
0.14265,4.91958810256652e-07
0.14285,9.83917620513305e-07
0.14295,4.91958810256652e-07
0.14305,4.91958810256652e-07
0.14315,4.91958810256652e-07
0.14325,9.83917620513305e-07
0.14335,4.91958810256652e-07
0.14345,9.83917620513305e-07
0.14385,9.83917620513305e-07
0.14395,9.83917620513305e-07
0.14415,4.91958810256652e-07
0.14425,4.91958810256652e-07
0.14455,9.83917620513305e-07
0.14475,9.83917620513305e-07
0.14495,9.83917620513305e-07
0.14515,9.83917620513305e-07
0.14545,4.91958810256652e-07
0.14565,4.91958810256652e-07
0.14585,4.91958810256652e-07
0.14595,4.91958810256652e-07
0.14615,4.91958810256652e-07
0.14655,1.47587643076996e-06
0.14675,4.91958810256652e-07
0.14695,4.91958810256652e-07
0.14705,4.91958810256652e-07
0.14715,1.47587643076996e-06
0.14735,1.47587643076996e-06
0.14745,4.91958810256652e-07
0.14755,4.91958810256652e-07
0.14775,4.91958810256652e-07
0.14785,4.91958810256652e-07
0.14795,4.91958810256652e-07
0.14815,1.47587643076996e-06
0.14825,9.83917620513305e-07
0.14835,1.47587643076996e-06
0.14855,4.91958810256652e-07
0.14865,9.83917620513305e-07
0.14885,4.91958810256652e-07
0.14915,9.83917620513305e-07
0.14945,1.47587643076996e-06
0.14955,4.91958810256652e-07
0.14965,9.83917620513305e-07
0.14975,4.91958810256652e-07
0.14985,9.83917620513305e-07
0.14995,9.83917620513305e-07
0.15005,1.47587643076996e-06
0.15015,4.91958810256652e-07
0.15045,9.83917620513305e-07
0.15055,4.91958810256652e-07
0.15065,9.83917620513305e-07
0.15095,1.72185583589828e-06
0.15105,4.91958810256652e-07
0.15115,4.91958810256652e-07
0.15135,4.91958810256652e-07
0.15145,9.83917620513305e-07
0.15155,9.83917620513305e-07
0.15165,1.47587643076996e-06
0.15175,4.91958810256652e-07
0.15185,1.47587643076996e-06
0.15195,4.91958810256652e-07
0.15205,4.91958810256652e-07
0.15215,4.91958810256652e-07
0.15225,4.91958810256652e-07
0.15245,9.83917620513305e-07
0.15255,1.22989702564163e-06
0.15275,4.91958810256652e-07
0.15285,4.91958810256652e-07
0.15305,4.91958810256652e-07
0.15325,4.91958810256652e-07
0.15345,4.91958810256652e-07
0.15365,4.91958810256652e-07
0.15375,4.91958810256652e-07
0.15405,9.83917620513305e-07
0.15415,9.83917620513305e-07
0.15445,1.96783524102661e-06
0.15455,1.22989702564163e-06
0.15465,4.91958810256652e-07
0.15475,4.91958810256652e-07
0.15525,4.91958810256652e-07
0.15535,4.91958810256652e-07
0.15555,4.91958810256652e-07
0.15565,4.91958810256652e-07
0.15585,4.91958810256652e-07
0.15595,4.91958810256652e-07
0.15605,9.83917620513305e-07
0.15625,4.91958810256652e-07
0.15665,4.91958810256652e-07
0.15685,4.91958810256652e-07
0.15695,2.45979405128326e-06
0.15705,4.91958810256652e-07
0.15715,4.91958810256652e-07
0.15725,4.91958810256652e-07
0.15735,4.91958810256652e-07
0.15775,4.91958810256652e-07
0.15795,4.91958810256652e-07
0.15805,4.91958810256652e-07
0.15815,4.91958810256652e-07
0.15825,9.83917620513305e-07
0.15835,4.91958810256652e-07
0.15855,4.91958810256652e-07
0.15885,4.91958810256652e-07
0.15895,9.83917620513305e-07
0.15905,4.91958810256652e-07
0.15915,4.91958810256652e-07
0.15945,9.83917620513305e-07
0.15955,9.83917620513305e-07
0.15995,4.91958810256652e-07
0.16035,9.83917620513305e-07
0.16045,2.70577345641159e-06
0.16075,4.91958810256652e-07
0.16105,9.83917620513305e-07
0.16125,4.91958810256652e-07
0.16145,4.91958810256652e-07
0.16185,9.83917620513305e-07
0.16215,4.91958810256652e-07
0.16225,4.91958810256652e-07
0.16235,9.83917620513305e-07
0.16255,4.91958810256652e-07
0.16325,4.91958810256652e-07
0.16335,9.83917620513305e-07
0.16365,4.91958810256652e-07
0.16395,4.91958810256652e-07
0.16415,9.83917620513305e-07
0.16435,1.96783524102661e-06
0.16455,4.91958810256652e-07
0.16475,9.83917620513305e-07
0.16505,4.91958810256652e-07
0.16515,4.91958810256652e-07
0.16545,4.91958810256652e-07
0.16555,1.47587643076996e-06
0.16565,4.91958810256652e-07
0.16575,4.91958810256652e-07
0.16605,9.83917620513305e-07
0.16615,4.91958810256652e-07
0.16645,4.91958810256652e-07
0.16685,4.91958810256652e-07
0.16695,4.91958810256652e-07
0.16705,4.91958810256652e-07
0.16745,4.91958810256652e-07
0.16785,4.91958810256652e-07
0.16835,4.91958810256652e-07
0.16845,4.91958810256652e-07
0.16865,9.83917620513305e-07
0.16895,4.91958810256652e-07
0.16915,4.91958810256652e-07
0.16935,4.91958810256652e-07
0.16975,4.91958810256652e-07
0.16995,9.83917620513305e-07
0.17015,4.91958810256652e-07
0.17025,4.91958810256652e-07
0.17045,4.91958810256652e-07
0.17085,4.91958810256652e-07
0.17095,4.91958810256652e-07
0.17105,4.91958810256652e-07
0.17125,4.91958810256652e-07
0.17135,4.91958810256652e-07
0.17155,4.91958810256652e-07
0.17165,1.22989702564163e-06
0.17235,4.91958810256652e-07
0.17245,9.83917620513305e-07
0.17265,4.91958810256652e-07
0.17275,4.91958810256652e-07
0.17285,2.21381464615494e-06
0.17295,4.91958810256652e-07
0.17305,9.83917620513305e-07
0.17335,4.91958810256652e-07
0.17345,4.91958810256652e-07
0.17355,4.91958810256652e-07
0.17435,4.91958810256652e-07
0.17455,9.83917620513305e-07
0.17465,4.91958810256652e-07
0.17515,4.91958810256652e-07
0.17545,4.91958810256652e-07
0.17555,4.91958810256652e-07
0.17595,4.91958810256652e-07
0.17635,4.91958810256652e-07
0.17645,4.91958810256652e-07
0.17655,2.21381464615494e-06
0.17675,4.91958810256652e-07
0.17685,4.91958810256652e-07
0.17705,9.83917620513305e-07
0.17745,4.91958810256652e-07
0.17755,9.83917620513305e-07
0.17775,4.91958810256652e-07
0.17785,9.83917620513305e-07
0.17825,4.91958810256652e-07
0.17845,9.83917620513305e-07
0.17865,4.91958810256652e-07
0.17895,4.91958810256652e-07
0.17935,4.91958810256652e-07
0.17955,4.91958810256652e-07
0.17985,1.72185583589828e-06
0.18005,4.91958810256652e-07
0.18055,4.91958810256652e-07
0.18065,4.91958810256652e-07
0.18095,4.91958810256652e-07
0.18105,1.47587643076996e-06
0.18145,4.91958810256652e-07
0.18185,9.83917620513305e-07
0.18195,4.91958810256652e-07
0.18245,4.91958810256652e-07
0.18305,1.22989702564163e-06
0.18385,4.91958810256652e-07
0.18395,4.91958810256652e-07
0.18415,4.91958810256652e-07
0.18455,1.22989702564163e-06
0.18465,4.91958810256652e-07
0.18495,4.91958810256652e-07
0.18505,9.83917620513305e-07
0.18515,1.47587643076996e-06
0.18545,4.91958810256652e-07
0.18585,4.91958810256652e-07
0.18605,4.91958810256652e-07
0.18635,4.91958810256652e-07
0.18695,9.83917620513305e-07
0.18745,4.91958810256652e-07
0.18755,1.22989702564163e-06
0.18775,2.70577345641159e-06
0.18805,4.91958810256652e-07
0.18895,4.91958810256652e-07
0.18965,2.70577345641159e-06
0.18985,2.95175286153991e-06
0.19025,4.91958810256652e-07
0.19035,2.70577345641159e-06
0.19055,4.91958810256652e-07
0.19125,4.91958810256652e-07
0.19135,2.21381464615494e-06
0.19155,4.91958810256652e-06
0.19165,6.64144393846481e-06
0.19175,1.72185583589828e-06
0.19195,2.70577345641159e-06
0.19235,1.47587643076996e-06
0.19245,1.72185583589828e-06
0.19285,1.72185583589828e-06
0.19305,2.21381464615494e-06
0.19345,3.44371167179657e-06
0.19355,6.14948512820816e-06
0.19365,2.70577345641159e-06
0.19385,5.16556750769485e-06
0.19395,5.16556750769485e-06
0.19405,2.70577345641159e-06
0.19415,3.44371167179657e-06
0.19435,7.37938215384979e-06
0.19465,9.83917620513305e-07
0.19485,3.19773226666824e-06
0.19495,8.36329977436309e-06
0.19505,4.91958810256652e-07
0.19515,4.91958810256652e-07
0.19525,7.87134096410644e-06
0.19535,5.16556750769485e-06
0.19545,5.16556750769485e-06
0.19565,2.70577345641159e-06
0.19585,4.91958810256652e-07
0.19605,4.91958810256652e-07
0.19615,7.13340274872146e-06
0.19625,4.91958810256652e-07
0.19635,4.42762929230987e-06
0.19645,2.95175286153991e-06
0.19665,2.95175286153991e-06
0.19675,2.70577345641159e-06
0.19695,5.6575263179515e-06
0.19705,4.18164988718155e-06
0.19715,4.91958810256652e-06
0.19735,4.91958810256652e-07
0.19745,9.83917620513305e-07
0.19755,8.60927917949142e-06
0.19765,7.87134096410644e-06
0.19775,1.22989702564163e-06
0.19785,2.70577345641159e-06
0.19795,6.64144393846481e-06
0.19805,3.93567048205322e-06
0.19815,7.87134096410644e-06
0.19825,3.93567048205322e-06
0.19835,2.21381464615494e-06
0.19845,4.91958810256652e-07
0.19865,7.87134096410644e-06
0.19875,3.44371167179657e-06
0.19885,1.72185583589828e-06
0.19895,1.22989702564163e-05
0.19905,9.83917620513305e-07
0.19915,3.93567048205322e-06
0.19925,5.6575263179515e-06
0.19935,3.44371167179657e-06
0.19945,9.10123798974807e-06
0.19965,1.94323730051378e-05
0.19975,6.64144393846481e-06
0.19985,1.47587643076996e-06
0.19995,6.14948512820816e-06
0.20005,5.16556750769485e-06
0.20015,6.88742334359313e-06
0.20025,1.72185583589828e-06
0.20035,7.37938215384979e-06
0.20045,1.69725789538545e-05
0.20055,3.93567048205322e-06
0.20065,3.44371167179657e-06
0.20075,1.22989702564163e-06
0.20085,1.72185583589828e-05
0.20095,9.59319680000472e-06
0.20105,4.42762929230987e-06
0.20115,6.88742334359313e-06
0.20125,6.14948512820816e-06
0.20135,1.40208260923146e-05
0.20145,2.95175286153991e-06
0.20155,4.91958810256652e-06
0.20165,8.36329977436309e-06
0.20175,2.95175286153991e-06
0.20185,8.60927917949142e-06
0.20195,3.93567048205322e-06
0.20205,1.03311350153897e-05
0.20215,8.85525858461974e-06
0.20225,2.21381464615494e-06
0.20235,1.08230938256464e-05
0.20245,4.91958810256652e-06
0.20255,3.44371167179657e-06
0.20265,9.59319680000472e-06
0.20275,8.36329977436309e-06
0.20285,4.6736086974382e-06
0.20305,5.16556750769485e-06
0.20315,1.32828878769296e-05
0.20325,1.22989702564163e-06
0.20335,1.18070114461597e-05
0.20345,5.16556750769485e-06
0.20355,1.2052990851288e-05
0.20365,9.59319680000472e-06
0.20375,6.88742334359313e-06
0.20385,1.72185583589828e-06
0.20395,1.59886613333412e-05
0.20405,2.38600022974476e-05
0.20415,8.11732036923477e-06
0.20425,2.70577345641159e-06
0.20435,1.35288672820579e-05
0.20445,5.6575263179515e-06
0.20455,1.72185583589828e-06
0.20465,2.45979405128326e-05
0.20475,4.42762929230987e-06
0.20485,7.87134096410644e-06
0.20495,1.47587643076996e-05
0.20505,1.03311350153897e-05
0.20515,4.42762929230987e-06
0.20525,8.85525858461974e-06
0.20535,8.60927917949142e-06
0.20545,6.14948512820816e-06
0.20555,1.69725789538545e-05
0.20565,1.59886613333412e-05
0.20575,6.14948512820816e-06
0.20585,7.37938215384979e-06
0.20595,3.93567048205322e-06
0.20605,3.93567048205322e-06
0.20615,7.87134096410644e-06
0.20625,8.36329977436309e-06
0.20635,1.25449496615446e-05
0.20645,3.93567048205322e-06
0.20655,1.0577114420518e-05
0.20665,1.62346407384695e-05
0.20675,8.60927917949142e-06
0.20685,1.32828878769296e-05
0.20695,1.94323730051378e-05
0.20705,8.85525858461974e-06
0.20715,9.10123798974807e-06
0.20725,3.44371167179657e-06
0.20735,1.15610320410313e-05
0.20745,1.22989702564163e-05
0.20755,1.03311350153897e-05
0.20765,7.87134096410644e-06
0.20775,6.88742334359313e-06
0.20785,1.79564965743678e-05
0.20795,8.60927917949142e-06
0.20805,1.0577114420518e-05
0.20815,1.18070114461597e-05
0.20825,6.64144393846481e-06
0.20835,1.54967025230846e-05
0.20845,4.6736086974382e-06
0.20855,4.42762929230987e-06
0.20865,5.16556750769485e-06
0.20875,1.25449496615446e-05
0.20885,1.03311350153897e-05
0.20895,6.14948512820816e-06
0.20905,1.45127849025712e-05
0.20915,4.42762929230987e-06
0.20925,4.6736086974382e-06
0.20935,1.35288672820579e-05
0.20945,1.35288672820579e-05
0.20955,9.10123798974807e-06
0.20965,2.70577345641159e-06
0.20975,9.10123798974807e-06
0.20985,9.59319680000472e-06
0.20995,1.79564965743678e-05
0.21005,7.87134096410644e-06
0.21015,5.16556750769485e-06
0.21025,1.18070114461597e-05
0.21035,2.92715492102708e-05
0.21045,5.16556750769485e-06
0.21055,1.0577114420518e-05
0.21065,8.11732036923477e-06
0.21075,1.18070114461597e-05
0.21085,6.88742334359313e-06
0.21095,6.39546453333648e-06
0.21105,5.6575263179515e-06
0.21115,1.32828878769296e-05
0.21125,2.95175286153991e-06
0.21135,2.95175286153991e-06
0.21145,2.16461876512927e-05
0.21155,1.35288672820579e-05
0.21165,1.52507231179562e-05
0.21175,1.72185583589828e-06
0.21185,9.10123798974807e-06
0.21195,1.30369084718013e-05
0.21205,1.08230938256464e-05
0.21215,1.67265995487262e-05
0.21235,8.11732036923477e-06
0.21245,9.59319680000472e-06
0.21255,8.85525858461974e-06
0.21265,2.70577345641159e-06
0.21275,1.22989702564163e-06
0.21285,1.57426819282129e-05
0.21295,5.90350572307983e-06
0.21305,2.63197963487309e-05
0.21315,7.87134096410644e-06
0.21325,1.22989702564163e-05
0.21335,6.14948512820816e-06
0.21345,1.25449496615446e-05
0.21355,2.45979405128326e-06
0.21365,4.42762929230987e-06
0.21375,1.03311350153897e-05
0.21385,1.18070114461597e-05
0.21395,1.1315052635903e-05
0.21405,1.1315052635903e-05
0.21415,1.03311350153897e-05
0.21425,3.44371167179657e-06
0.21435,1.42668054974429e-05
0.21445,1.03311350153897e-05
0.21455,1.72185583589828e-06
0.21465,1.64806201435979e-05
0.21475,5.16556750769485e-06
0.21485,1.57426819282129e-05
0.21495,9.10123798974807e-06
0.21505,7.62536155897811e-06
0.21515,1.22989702564163e-05
0.21525,4.42762929230987e-06
0.21535,1.15610320410313e-05
0.21545,4.91958810256652e-06
0.21555,2.70577345641159e-06
0.21565,1.2790929066673e-05
0.21575,1.72185583589828e-06
0.21585,9.59319680000472e-06
0.21595,1.1315052635903e-05
0.21605,7.37938215384979e-06
0.21615,1.86944347897528e-05
0.21625,3.93567048205322e-06
0.21635,3.44371167179657e-06
0.21645,4.42762929230987e-06
0.21655,1.10690732307747e-05
0.21665,1.77105171692395e-05
0.21675,1.40208260923146e-05
0.21685,7.87134096410644e-06
0.21695,3.93567048205322e-06
0.21705,1.1315052635903e-05
0.21715,5.6575263179515e-06
0.21725,2.95175286153991e-06
0.21735,1.08230938256464e-05
0.21745,3.93567048205322e-06
0.21755,8.85525858461974e-06
0.21765,1.0577114420518e-05
0.21775,2.70577345641159e-06
0.21785,3.93567048205322e-06
0.21795,1.74645377641112e-05
0.21805,7.62536155897811e-06
0.21815,5.6575263179515e-06
0.21825,2.21381464615494e-06
0.21845,1.52507231179562e-05
0.21855,7.87134096410644e-06
0.21865,4.42762929230987e-06
0.21885,9.59319680000472e-06
0.21895,7.37938215384979e-06
0.21905,1.22989702564163e-06
0.21915,5.6575263179515e-06
0.21925,7.37938215384979e-06
0.21935,6.88742334359313e-06
0.21945,4.6736086974382e-06
0.21955,6.64144393846481e-06
0.21965,6.39546453333648e-06
0.21975,5.6575263179515e-06
0.21985,5.90350572307983e-06
0.21995,9.83917620513305e-07
0.22005,2.70577345641159e-06
0.22015,6.88742334359313e-06
0.22035,1.72185583589828e-06
0.22045,4.18164988718155e-06
0.22055,1.30369084718013e-05
0.22075,6.14948512820816e-06
0.22085,7.37938215384979e-06
0.22095,4.6736086974382e-06
0.22105,1.1315052635903e-05
0.22115,1.72185583589828e-06
0.22135,2.70577345641159e-06
0.22145,5.6575263179515e-06
0.22155,7.87134096410644e-06
0.22165,6.14948512820816e-06
0.22175,4.6736086974382e-06
0.22185,2.21381464615494e-06
0.22195,2.21381464615494e-06
0.22205,1.15610320410313e-05
0.22215,6.88742334359313e-06
0.22225,2.21381464615494e-06
0.22235,9.83917620513305e-07
0.22255,4.91958810256652e-07
0.22265,3.93567048205322e-06
0.22275,2.70577345641159e-06
0.22285,1.22989702564163e-06
0.22315,4.91958810256652e-06
0.22335,1.72185583589828e-06
0.22345,6.88742334359313e-06
0.22355,4.6736086974382e-06
0.22365,8.60927917949142e-06
0.22375,2.21381464615494e-06
0.22385,2.95175286153991e-06
0.22405,2.21381464615494e-06
0.22415,3.44371167179657e-06
0.22425,6.64144393846481e-06
0.22435,4.42762929230987e-06
0.22445,5.16556750769485e-06
0.22455,4.42762929230987e-06
0.22465,5.16556750769485e-06
0.22485,2.21381464615494e-06
0.22495,6.14948512820816e-06
0.22505,2.21381464615494e-06
0.22535,4.91958810256652e-07
0.22545,2.21381464615494e-06
0.22565,6.39546453333648e-06
0.22585,9.59319680000472e-06
0.22595,2.21381464615494e-06
0.22605,1.72185583589828e-06
0.22635,2.21381464615494e-06
0.22665,6.39546453333648e-06
0.22685,6.88742334359313e-06
0.22705,5.16556750769485e-06
0.22715,2.45979405128326e-06
0.22725,5.6575263179515e-06
0.22735,1.47587643076996e-06
0.22745,1.22989702564163e-06
0.22785,3.44371167179657e-06
0.22795,1.72185583589828e-06
0.22805,3.93567048205322e-06
0.22825,1.72185583589828e-06
0.22835,6.64144393846481e-06
0.22845,3.93567048205322e-06
0.22855,1.72185583589828e-06
0.22905,4.42762929230987e-06
0.22945,2.70577345641159e-06
0.23005,2.70577345641159e-06
0.23015,4.91958810256652e-07
0.23035,4.91958810256652e-07
0.23045,1.72185583589828e-06
0.23095,9.83917620513305e-07
0.23105,3.44371167179657e-06
0.23115,3.44371167179657e-06
0.23155,2.21381464615494e-06
0.23195,2.70577345641159e-06
0.23205,2.45979405128326e-06
0.23245,4.91958810256652e-07
0.23285,2.95175286153991e-06
0.23295,1.22989702564163e-06
0.23305,6.14948512820816e-06
0.23475,3.44371167179657e-06
0.23515,2.21381464615494e-06
0.23565,4.42762929230987e-06
0.23605,2.21381464615494e-06
0.23625,3.93567048205322e-06
0.23645,4.91958810256652e-07
0.23705,4.91958810256652e-07
0.23775,4.91958810256652e-07
0.23805,4.91958810256652e-07
0.23885,4.91958810256652e-07
0.24005,1.22989702564163e-06
0.24025,4.91958810256652e-07
0.24185,4.91958810256652e-07
0.24395,4.91958810256652e-07
0.24435,4.91958810256652e-07
0.24475,4.91958810256652e-07
0.24805,4.91958810256652e-07
0.25025,4.91958810256652e-07
0.25675,4.91958810256652e-07
0.25735,4.91958810256652e-07
0.25945,4.91958810256652e-07
0.26095,4.91958810256652e-07
0.26815,4.91958810256652e-07
0.27165,4.91958810256652e-07
0.27525,4.91958810256652e-07
0.28215,4.91958810256652e-07
0.29455,4.91958810256652e-07
0.29835,4.91958810256652e-07
0.31225,4.91958810256652e-07
0.31475,4.91958810256652e-07
0.31945,4.91958810256652e-07
0.32365,4.91958810256652e-07
0.33485,4.91958810256652e-07
0.35245,4.91958810256652e-07
0.37655,4.91958810256652e-07
0.40685,4.91958810256652e-07
