Distribution Type,Histogram
Use,EMISSIONS
Units,scf_wholegas
Gas Type,whole_gas
Emission Unit,scf
Time Basis,s
%%%ENDOFMETADATA%%%,
EmissionRate,Probability
2.890163389992379e-06,0.362463
8.670490169977138e-06,0.0305625
1.4450816949961895e-05,0.0129125
2.0231143729946652e-05,0.0137375
2.6011470509931413e-05,0.0071375
3.179179728991617e-05,0.00545
3.7572124069900924e-05,0.0045375
4.335245084988568e-05,0.006175
4.9132777629870446e-05,0.0038625
5.4913104409855206e-05,0.0056625
6.069343118983996e-05,0.0040625
6.647375796982472e-05,0.003475
7.225408474980948e-05,0.0065125
7.803441152979423e-05,0.00545
8.381473830977899e-05,0.004925
8.959506508976375e-05,0.0049
9.537539186974851e-05,0.0052375
0.00010115571864973326,0.0057625
0.00010693604542971802,0.0031
0.00011271637220970278,0.0050625
0.00011849669898968754,0.0036875
0.0001242770257696723,0.0061875
0.00013005735254965705,0.0040625
0.0001358376793296418,0.0056875
0.00014161800610962657,0.0036375
0.00014739833288961133,0.0065375
0.0001531786596695961,0.002975
0.00015895898644958085,0.00565
0.00016473931322956559,0.0049875
0.00017051964000955037,0.0034125
0.0001762999667895351,0.0057125
0.0001820802935695199,0.0035375
0.00018786062034950463,0.0037375
0.0001936409471294894,0.00635
0.00019942127390947415,0.003325
0.0002052016006894589,0.0020125
0.00021098192746944364,0.0049875
0.00021676225424942843,0.0031625
0.00022254258102941317,0.0029875
0.00022832290780939795,0.0038625
0.0002341032345893827,0.00415
0.00023988356136936745,0.003625
0.0002456638881493522,0.0031125
0.000251444214929337,0.0036
0.00025722454170932173,0.0040625
0.00026300486848930646,0.0029625
0.00026878519526929125,0.0030125
0.000274565522049276,0.001775
0.00028034584882926077,0.0028
0.0002861261756092455,0.0038125
0.0002919065023892303,0.0031125
0.0002976868291692151,0.0040125
0.00030346715594919976,0.0040625
0.00030924748272918455,0.0031
0.00031502780950916934,0.002925
0.00032080813628915407,0.0019125
0.0003265884630691388,0.0031875
0.0003323687898491236,0.003025
0.0003381491166291083,0.0022625
0.0003439294434090931,0.001425
0.00034970977018907785,0.003125
0.0003554900969690626,0.0016375
0.00036127042374904737,0.0024375
0.00036705075052903216,0.00265
0.0003728310773090169,0.0024625
0.0003786114040890016,0.0022375
0.0003843917308689864,0.0022
0.0003901720576489712,0.0023625
0.0003959523844289559,0.0029625
0.00040173271120894067,0.0024875
0.00040751303798892545,0.0015375
0.0004132933647689102,0.002025
0.0004190736915488949,0.0024875
0.0004248540183288797,0.001875
0.00043063434510886444,0.00135
0.00043641467188884923,0.003025
0.00044219499866883396,0.0013875
0.00044797532544881875,0.0019875
0.0004537556522288035,0.00205
0.0004595359790087883,0.0024375
0.00046531630578877306,0.001375
0.00047109663256875774,0.0031625
0.00047687695934874253,0.001225
0.0004826572861287273,0.001175
0.000488437612908712,0.0021
0.0004942179396886968,0.0013375
0.0004999982664686815,0.001775
0.0005057785932486664,0.0022625
0.0005115589200286511,0.001725
0.0005173392468086358,0.001425
0.0005231195735886206,0.0014875
0.0005288999003686054,0.002625
0.0005346802271485901,0.00155
0.0005404605539285749,0.0020375
0.0005462408807085596,0.0015875
0.0005520212074885444,0.0015
0.0005578015342685292,0.0013875
0.0005635818610485139,0.0019375
0.0005693621878284986,0.001275
0.0005751425146084834,0.0021375
0.0005809228413884682,0.0021375
0.000586703168168453,0.0011125
0.0005924834949484377,0.001575
0.0005982638217284224,0.00125
0.0006040441485084072,0.001325
0.0006098244752883919,0.0022625
0.0006156048020683767,0.0012875
0.0006213851288483615,0.0013
0.0006271654556283463,0.00185
0.000632945782408331,0.00175
0.0006387261091883158,0.0014875
0.0006445064359683006,0.0012875
0.0006502867627482852,0.00145
0.00065606708952827,0.0012875
0.0006618474163082548,0.001775
0.0006676277430882396,0.00125
0.0006734080698682243,0.00155
0.0006791883966482091,0.00145
0.0006849687234281939,0.0011625
0.0006907490502081786,0.0006625
0.0006965293769881633,0.0014625
0.0007023097037681481,0.001175
0.0007080900305481328,0.000925
0.0007138703573281176,0.0017
0.0007196506841081024,0.0011125
0.0007254310108880871,0.000875
0.000731211337668072,0.0014375
0.0007369916644480567,0.0008875
0.0007427719912280413,0.0012
0.0007485523180080261,0.0015
0.0007543326447880109,0.000975
0.0007601129715679956,0.0007875
0.0007658932983479805,0.0012125
0.0007716736251279652,0.0011125
0.00077745395190795,0.001225
0.0007832342786879348,0.001075
0.0007890146054679194,0.0008125
0.0007947949322479041,0.0007625
0.000800575259027889,0.0011375
0.0008063555858078737,0.0005625
0.0008121359125878585,0.0011125
0.0008179162393678433,0.0014875
0.000823696566147828,0.0009875
0.0008294768929278129,0.0004375
0.0008352572197077976,0.000925
0.0008410375464877822,0.0011875
0.000846817873267767,0.0007375
0.0008525982000477518,0.0015
0.0008583785268277365,0.0009
0.0008641588536077214,0.00105
0.0008699391803877061,0.0008125
0.0008757195071676908,0.00085
0.0008814998339476757,0.0008625
0.0008872801607276603,0.0017875
0.000893060487507645,0.00055
0.0008988408142876299,0.0006375
0.0009046211410676146,0.001025
0.0009104014678475993,0.00085
0.0009161817946275842,0.00075
0.0009219621214075689,0.001075
0.0009277424481875538,0.0005875
0.0009335227749675384,0.0013
0.0009393031017475231,0.0006125
0.0009450834285275078,0.0006625
0.0009508637553074927,0.0007125
0.0009566440820874774,0.001025
0.0009624244088674623,0.000975
0.000968204735647447,0.00045
0.0009739850624274317,0.0010125
0.0009797653892074164,0.0008375
0.000985545715987401,0.0007625
0.000991326042767386,0.00095
0.0009971063695473708,0.0007375
0.0010028866963273555,0.0007375
0.0010086670231073402,0.000825
0.001014447349887325,0.0009875
0.00102022767666731,0.0009
0.0010260080034472947,0.001
0.0010317883302272792,0.0009
0.001037568657007264,0.0003875
0.0010433489837872489,0.0011125
0.0010491293105672336,0.0004875
0.0010549096373472183,0.000875
0.001060689964127203,0.0005375
0.0010664702909071878,0.000775
0.0010722506176871727,0.0004375
0.0010780309444671573,0.00075
0.001083811271247142,0.0007375
0.001089591598027127,0.000675
0.0010953719248071117,0.000925
0.0011011522515870964,0.0007875
0.0011069325783670811,0.0004375
0.0011127129051470659,0.00085
0.0011184932319270506,0.0006125
0.0011242735587070353,0.0008875
0.0011300538854870203,0.0007625
0.001135834212267005,0.000925
0.0011416145390469898,0.000425
0.0011473948658269743,0.0008125
0.001153175192606959,0.0004375
0.001158955519386944,0.0005875
0.0011647358461669287,0.0008
0.0011705161729469134,0.000575
0.0011762964997268982,0.000325
0.001182076826506883,0.0006875
0.0011878571532868676,0.00055
0.0011936374800668526,0.000625
0.0011994178068468373,0.000625
0.001205198133626822,0.0006375
0.0012109784604068068,0.0004625
0.0012167587871867915,0.0008875
0.0012225391139667765,0.0005875
0.0012283194407467612,0.0008625
0.001234099767526746,0.00065
0.0012398800943067307,0.0004875
0.0012456604210867152,0.0005625
0.0012514407478667,0.000525
0.0012572210746466849,0.0009625
0.0012630014014266696,0.000375
0.0012687817282066543,0.000925
0.001274562054986639,0.000575
0.0012803423817666238,0.000275
0.0012861227085466085,0.0006
0.0012919030353265935,0.0003625
0.0012976833621065782,0.00045
0.001303463688886563,0.0007125
0.0013092440156665477,0.000575
0.0013150243424465324,0.0003125
0.0013208046692265174,0.0005125
0.0013265849960065021,0.0003625
0.0013323653227864868,0.0004
0.0013381456495664714,0.0006875
0.001343925976346456,0.000475
0.0013497063031264408,0.000625
0.0013554866299064256,0.0004
0.0013612669566864105,0.0003625
0.0013670472834663952,0.0005875
0.00137282761024638,0.0005125
0.0013786079370263647,0.0005125
0.0013843882638063494,0.0003
0.0013901685905863344,0.0006375
0.0013959489173663191,0.0005
0.0014017292441463039,0.0003125
0.0014075095709262886,0.000625
0.0014132898977062733,0.0004125
0.001419070224486258,0.0005625
0.001424850551266243,0.0004875
0.0014306308780462277,0.0004875
0.0014364112048262123,0.0002625
0.001442191531606197,0.000525
0.0014479718583861817,0.0004875
0.0014537521851661665,0.0002125
0.0014595325119461514,0.000875
0.0014653128387261362,0.000325
0.0014710931655061209,0.0005625
0.0014768734922861056,0.0003625
0.0014826538190660904,0.000475
0.0014884341458460753,0.0004
0.00149421447262606,0.0003625
0.0014999947994060448,0.00045
0.0015057751261860295,0.0004125
0.0015115554529660142,0.0006
0.001517335779745999,0.0003
0.001523116106525984,0.000225
0.0015288964333059687,0.0006875
0.0015346767600859532,0.0003875
0.001540457086865938,0.000275
0.0015462374136459226,0.0005125
0.0015520177404259074,0.0003875
0.0015577980672058923,0.0004
0.001563578393985877,0.0004875
0.0015693587207658618,0.0003875
0.0015751390475458465,0.000325
0.0015809193743258313,0.000575
0.001586699701105816,0.0002875
0.001592480027885801,7.5e-05
0.0015982603546657857,0.0004625
0.0016040406814457704,0.0003125
0.0016098210082257551,0.0003625
0.0016156013350057399,0.0003375
0.0016213816617857248,0.00055
0.0016271619885657093,0.0003
0.001632942315345694,0.00035
0.0016387226421256788,0.0003875
0.0016445029689056635,0.000375
0.0016502832956856483,0.0005375
0.001656063622465633,0.0003625
0.001661843949245618,0.000325
0.0016676242760256027,0.00035
0.0016734046028055874,0.000425
0.0016791849295855722,0.0003
0.001684965256365557,0.000475
0.0016907455831455418,0.000525
0.0016965259099255266,0.0003
0.0017023062367055113,0.0004
0.001708086563485496,0.0001875
0.0017138668902654808,0.0002625
0.0017196472170454655,0.000475
0.0017254275438254502,0.0002375
0.001731207870605435,0.0003
0.0017369881973854197,0.0003625
0.0017427685241654044,0.0004875
0.0017485488509453892,0.00045
0.001754329177725374,0.0004
0.0017601095045053589,0.000275
0.0017658898312853436,0.000275
0.0017716701580653283,0.0003625
0.001777450484845313,0.0002875
0.0017832308116252978,0.0003
0.0017890111384052828,0.0004625
0.0017947914651852675,0.0001875
0.0018005717919652522,0.000375
0.001806352118745237,0.0004375
0.0018121324455252217,0.000375
0.0018179127723052062,0.0002875
0.001823693099085191,0.000575
0.0018294734258651759,0.0003875
0.0018352537526451606,0.0003125
0.0018410340794251454,0.0005
0.00184681440620513,0.0002125
0.0018525947329851148,0.00045
0.0018583750597650998,0.000425
0.0018641553865450845,0.0003
0.0018699357133250692,0.0002125
0.001875716040105054,0.0004
0.0018814963668850387,0.000425
0.0018872766936650234,0.0004
0.0018930570204450084,0.0003375
0.0018988373472249931,0.0003875
0.0019046176740049779,0.0002875
0.0019103980007849626,0.00045
0.001916178327564947,0.0002625
0.0019219586543449318,0.0002125
0.0019277389811249168,0.000375
0.0019335193079049015,0.0002125
0.0019392996346848863,0.00015
0.001945079961464871,0.000475
0.0019508602882448557,0.000275
0.0019566406150248405,0.0003125
0.0019624209418048254,0.000325
0.00196820126858481,0.0003875
0.001973981595364795,0.000325
0.00197976192214478,0.00035
0.0019855422489247643,0.0002125
0.0019913225757047493,0.0003875
0.001997102902484734,0.0002625
0.0020028832292647188,0.0003125
0.0020086635560447033,0.0002
0.0020144438828246882,0.0003375
0.0020202242096046727,0.0001625
0.0020260045363846577,0.0004
0.002031784863164642,0.00015
0.002037565189944627,0.000225
0.002043345516724612,0.0004
0.0020491258435045966,0.0003125
0.0020549061702845816,0.0003
0.002060686497064566,0.0001875
0.002066466823844551,0.0004125
0.0020722471506245356,0.0002625
0.0020780274774045205,8.75e-05
0.0020838078041845055,0.0002375
0.00208958813096449,0.00025
0.002095368457744475,0.0002375
0.0021011487845244595,0.0002125
0.002106929111304444,0.0002875
0.002112709438084429,0.000175
0.002118489764864414,0.0003875
0.0021242700916443984,0.000275
0.0021300504184243833,0.0002
0.002135830745204368,0.0003375
0.002141611071984353,0.0001375
0.0021473913987643378,0.000425
0.0021531717255443223,0.000375
0.0021589520523243072,0.0001625
0.0021647323791042917,0.0002875
0.0021705127058842767,0.0002
0.0021762930326642616,0.0003375
0.002182073359444246,0.0003
0.002187853686224231,0.0003
0.0021936340130042156,0.0002125
0.0021994143397842,0.000125
0.002205194666564185,0.000425
0.00221097499334417,0.000175
0.0022167553201241546,0.00015
0.0022225356469041395,0.00025
0.002228315973684124,0.000225
0.002234096300464109,0.0001
0.0022398766272440935,0.000275
0.0022456569540240784,0.00025
0.0022514372808040634,0.0001125
0.002257217607584048,0.0002375
0.002262997934364033,0.00015
0.0022687782611440174,0.0002375
0.0022745585879240023,0.000375
0.002280338914703987,0.000225
0.002286119241483972,0.000175
0.0022918995682639563,0.0001875
0.0022976798950439413,0.0001625
0.0023034602218239258,0.0002375
0.002309240548603911,0.0002
0.0023150208753838957,0.000275
0.0023208012021638806,0.00015
0.002326581528943865,0.0003
0.00233236185572385,0.0002375
0.0023381421825038346,0.000275
0.002343922509283819,0.0002
0.002349702836063804,0.0002
0.0023554831628437886,0.000175
0.0023612634896237735,0.0002375
0.002367043816403758,0.00025
0.002372824143183743,0.0001875
0.002378604469963728,0.000225
0.002384384796743713,0.000125
0.0023901651235236974,0.0001
0.0023959454503036824,0.0003125
0.002401725777083667,0.0001125
0.002407506103863652,0.0003875
0.0024132864306436364,0.0002125
0.0024190667574236213,0.00025
0.002424847084203606,0.0001125
0.002430627410983591,0.000225
0.0024364077377635753,0.0001625
0.00244218806454356,0.00015
0.002447968391323545,0.0004
0.0024537487181035297,0.0001625
0.0024595290448835147,0.000175
0.002465309371663499,0.0001625
0.002471089698443484,0.0002
0.0024768700252234687,0.0002125
0.0024826503520034536,0.0003
0.002488430678783438,0.000125
0.002494211005563423,0.0001
0.0024999913323434076,0.0003
0.002505771659123393,0.0002
0.0025115519859033775,8.75e-05
0.0025173323126833624,0.0003125
0.002523112639463347,0.0001125
0.002528892966243332,0.0002
0.0025346732930233164,0.000275
0.002540453619803301,0.00025
0.002546233946583286,0.000175
0.0025520142733632704,0.0002375
0.0025577946001432554,0.000125
0.00256357492692324,0.0001375
0.002569355253703225,0.0002375
0.0025751355804832093,0.0001625
0.0025809159072631947,0.0003
0.0025866962340431792,0.000275
0.002592476560823164,0.0001
0.0025982568876031487,0.000225
0.0026040372143831337,0.0002
0.002609817541163118,0.000175
0.002615597867943103,0.0001125
0.0026213781947230876,0.0002375
0.0026271585215030726,7.5e-05
0.002632938848283057,6.25e-05
0.0026387191750630416,0.00025
0.002644499501843027,0.000225
0.0026502798286230115,0.0001125
0.0026560601554029965,0.000175
0.002661840482182981,0.000175
0.002667620808962966,6.25e-05
0.0026734011357429505,0.0002
0.0026791814625229354,0.0001625
0.00268496178930292,0.0001875
0.002690742116082905,0.000125
0.0026965224428628894,0.00015
0.0027023027696428743,0.0002125
0.002708083096422859,0.0001625
0.0027138634232028442,0.0001375
0.0027196437499828288,0.000175
0.0027254240767628133,0.000175
0.0027312044035427982,0.0001625
0.0027369847303227827,0.000125
0.0027427650571027677,0.0002
0.002748545383882752,0.0001
0.002754325710662737,0.000175
0.0027601060374427217,0.0002375
0.0027658863642227066,0.0002125
0.002771666691002691,8.75e-05
0.0027774470177826765,0.000275
0.002783227344562661,0.0002375
0.002789007671342646,0.00015
0.0027947879981226305,0.00025
0.0028005683249026155,0.0001625
0.0028063486516826,5e-05
0.002812128978462585,0.0002125
0.0028179093052425695,0.000125
0.002823689632022554,0.00025
0.002829469958802539,0.000225
0.0028352502855825234,0.000125
0.0028410306123625084,0.00015
0.002846810939142493,0.0001375
0.0028525912659224783,0.000125
0.002858371592702463,0.00015
0.0028641519194824478,0.0002625
0.0028699322462624323,0.000175
0.0028757125730424172,0.0001625
0.0028814928998224017,0.0002125
0.0028872732266023867,0.00015
0.002893053553382371,0.0001375
0.002898833880162356,0.0002375
0.0029046142069423407,0.00025
0.002910394533722326,0.0001
0.0029161748605023106,0.00015
0.002921955187282295,0.0002
0.00292773551406228,0.0001
0.0029335158408422646,0.0002125
0.0029392961676222495,0.0001875
0.002945076494402234,0.000175
0.002950856821182219,0.0002875
0.0029566371479622035,0.00015
0.0029624174747421884,0.000225
0.002968197801522173,0.0001375
0.0029739781283021583,0.000175
0.002979758455082143,7.5e-05
0.002985538781862128,0.000175
0.0029913191086421123,0.000125
0.0029970994354220973,8.75e-05
0.003002879762202082,0.0002625
0.0030086600889820667,5e-05
0.0030144404157620513,0.00025
0.0030202207425420358,0.000175
0.0030260010693220207,0.000225
0.0030317813961020052,0.000125
0.00303756172288199,0.000275
0.0030433420496619747,0.0002125
0.00304912237644196,6.25e-05
0.0030549027032219446,0.00025
0.0030606830300019296,0.00015
0.003066463356781914,0.0002125
0.003072243683561899,0.00025
0.0030780240103418836,0.000125
0.0030838043371218685,0.0001
0.003089584663901853,0.0002375
0.003095364990681838,0.0001
0.0031011453174618225,7.5e-05
0.003106925644241807,0.00025
0.0031127059710217924,0.0001875
0.003118486297801777,2.5e-05
0.003124266624581762,0.000225
0.0031300469513617464,7.5e-05
0.0031358272781417313,0.000175
0.003141607604921716,0.000125
0.003147387931701701,0.00015
0.0031531682584816853,8.75e-05
0.0031589485852616703,0.000225
0.0031647289120416548,0.000125
0.0031705092388216397,0.0001625
0.0031762895656016242,0.0001625
0.0031820698923816096,0.0002
0.003187850219161594,0.0001125
0.003193630545941579,0.0001875
0.0031994108727215636,0.0001
0.003205191199501548,0.000125
0.003210971526281533,0.00015
0.0032167518530615176,0.000175
0.0032225321798415025,6.25e-05
0.003228312506621487,0.0002375
0.003234092833401472,0.000125
0.0032398731601814565,0.0001
0.003245653486961442,0.0002625
0.0032514338137414264,0.0001375
0.0032572141405214114,1.25e-05
0.003262994467301396,0.000125
0.003268774794081381,3.75e-05
0.0032745551208613654,0.0001
0.0032803354476413503,0.0002375
0.003286115774421335,0.00015
0.0032918961012013198,5e-05
0.0032976764279813043,0.0002125
0.003303456754761289,0.0001125
0.0033092370815412738,5e-05
0.0033150174083212583,0.000125
0.0033207977351012437,0.0001
0.003326578061881228,0.0001625
0.003332358388661213,0.000125
0.0033381387154411976,0.0001125
0.0033439190422211826,8.75e-05
0.003349699369001167,0.0001625
0.003355479695781152,0.000125
0.0033612600225611366,8.75e-05
0.0033670403493411215,0.0001375
0.003372820676121106,6.25e-05
0.0033786010029010914,0.0001375
0.003384381329681076,0.0002125
0.003390161656461061,8.75e-05
0.0033959419832410454,0.00015
0.00340172231002103,0.0001125
0.003407502636801015,6.25e-05
0.0034132829635809994,0.0001625
0.0034190632903609844,0.00015
0.003424843617140969,0.0001
0.003430623943920954,3.75e-05
0.0034364042707009383,0.0001375
0.0034421845974809233,3.75e-05
0.0034479649242609082,0.0001
0.003453745251040893,8.75e-05
0.0034595255778208777,0.00015
0.0034653059046008627,5e-05
0.003471086231380847,0.0001875
0.003476866558160832,0.0001125
0.0034826468849408166,0.0001125
0.0034884272117208016,0.000125
0.003494207538500786,0.0001375
0.0034999878652807706,7.5e-05
0.0035057681920607556,0.000175
0.00351154851884074,6.25e-05
0.0035173288456207255,0.0001875
0.00352310917240071,0.0001625
0.003528889499180695,0.0001125
0.0035346698259606795,5e-05
0.0035404501527406644,0.0002
0.003546230479520649,0.0001
0.003552010806300634,0.0001375
0.0035577911330806184,0.000125
0.0035635714598606033,0.0001375
0.003569351786640588,0.0001125
0.0035751321134205732,0.0001375
0.0035809124402005578,0.0001
0.0035866927669805423,0.0001625
0.0035924730937605272,0.0002125
0.0035982534205405117,7.5e-05
0.0036040337473204967,2.5e-05
0.003609814074100481,0.0002125
0.003615594400880466,0.000125
0.0036213747276604507,0.0001625
0.0036271550544404356,5e-05
0.00363293538122042,0.000125
0.003638715708000405,3.75e-05
0.0036444960347803896,0.0001125
0.003650276361560375,8.75e-05
0.0036560566883403595,3.75e-05
0.0036618370151203445,0.0002125
0.003667617341900329,8.75e-05
0.003673397668680314,1.25e-05
0.0036791779954602984,0.0002
0.003684958322240283,0.0001125
0.003690738649020268,0.000125
0.0036965189758002524,5e-05
0.0037022993025802374,6.25e-05
0.003708079629360222,0.00015
0.0037138599561402073,8.75e-05
0.003719640282920192,0.000125
0.0037254206097001768,8.75e-05
0.0037312009364801613,0.0001875
0.0037369812632601462,7.5e-05
0.0037427615900401307,3.75e-05
0.0037485419168201157,8.75e-05
0.0037543222436001,0.00015
0.003760102570380085,0.0001375
0.0037658828971600697,0.0002125
0.0037716632239400546,0.000125
0.003777443550720039,3.75e-05
0.0037832238775000237,0.000125
0.003789004204280009,3.75e-05
0.0037947845310599936,0.000125
0.0038005648578399785,0.00015
0.003806345184619963,3.75e-05
0.003812125511399948,0.0001
0.0038179058381799325,0.0001375
0.0038236861649599174,0.000225
0.003829466491739902,8.75e-05
0.003835246818519887,0.0001375
0.0038410271452998714,0.000125
0.003846807472079857,8.75e-05
0.0038525877988598413,0.0001
0.0038583681256398263,8.75e-05
0.003864148452419811,6.25e-05
0.0038699287791997957,0.00015
0.0038757091059797803,6.25e-05
0.0038814894327597648,0.0001125
0.0038872697595397497,8.75e-05
0.0038930500863197342,5e-05
0.003898830413099719,6.25e-05
0.0039046107398797037,7.5e-05
0.003910391066659689,0.0001
0.003916171393439674,3.75e-05
0.003921951720219658,0.0001
0.003927732046999643,6.25e-05
0.003933512373779628,0.0001125
0.0039392927005596125,7.5e-05
0.003945073027339598,5e-05
0.0039508533541195824,2.5e-05
0.003956633680899567,0.0001125
0.0039624140076795515,7.5e-05
0.003968194334459536,8.75e-05
0.003973974661239521,0.0001125
0.003979754988019506,7.5e-05
0.00398553531479949,6.25e-05
0.003991315641579475,0.000125
0.00399709596835946,8.75e-05
0.004002876295139445,0.0001125
0.004008656621919429,0.00015
0.004014436948699414,6.25e-05
0.004020217275479399,1.25e-05
0.004025997602259384,0.000175
0.004031777929039369,0.0001125
0.004037558255819354,8.75e-05
0.004043338582599338,3.75e-05
0.004049118909379323,0.0001125
0.004054899236159308,2.5e-05
0.004060679562939293,3.75e-05
0.004066459889719277,5e-05
0.004072240216499262,8.75e-05
0.004078020543279246,7.5e-05
0.0040838008700592315,5e-05
0.004089581196839216,3.75e-05
0.0040953615236192014,0.000125
0.004101141850399186,3.75e-05
0.0041069221771791705,7.5e-05
0.004112702503959155,5e-05
0.00411848283073914,8.75e-05
0.004124263157519125,5e-05
0.004130043484299109,0.0001375
0.004135823811079094,6.25e-05
0.004141604137859079,3.75e-05
0.004147384464639064,0.0001375
0.004153164791419049,0.0001125
0.004158945118199034,5e-05
0.004164725444979018,0.000125
0.004170505771759003,7.5e-05
0.004176286098538987,8.75e-05
0.004182066425318973,8.75e-05
0.004187846752098957,5e-05
0.004193627078878942,7.5e-05
0.004199407405658926,0.0001
0.004205187732438912,0.0001125
0.004210968059218896,0.0001
0.0042167483859988815,0.0001125
0.004222528712778866,2.5e-05
0.0042283090395588505,5e-05
0.004234089366338835,0.0001125
0.00423986969311882,6.25e-05
0.004245650019898805,0.0001
0.0042514303466787895,5e-05
0.004257210673458774,7.5e-05
0.0042629910002387585,0.0001
0.004268771327018744,3.75e-05
0.004274551653798728,5e-05
0.004280331980578714,0.0001
0.004286112307358698,0.0001125
0.004291892634138683,6.25e-05
0.004297672960918667,1.25e-05
0.004303453287698653,6.25e-05
0.004309233614478637,5e-05
0.004315013941258622,5e-05
0.004320794268038606,0.0001
0.004326574594818592,6.25e-05
0.004332354921598576,7.5e-05
0.004338135248378561,0.0001375
0.004343915575158545,6.25e-05
0.004355476228718515,8.75e-05
0.0043612565554985,6.25e-05
0.004367036882278485,8.75e-05
0.0043728172090584695,0.0001
0.004378597535838454,6.25e-05
0.0043843778626184386,7.5e-05
0.004390158189398424,3.75e-05
0.0043959385161784085,0.0001375
0.004401718842958393,3.75e-05
0.0044074991697383775,0.0001
0.004413279496518363,3.75e-05
0.004419059823298347,0.00015
0.004424840150078333,7.5e-05
0.004430620476858317,6.25e-05
0.004436400803638302,2.5e-05
0.004442181130418286,3.75e-05
0.004447961457198271,2.5e-05
0.004453741783978256,0.0001
0.004459522110758241,8.75e-05
0.004465302437538225,6.25e-05
0.00447108276431821,3.75e-05
0.004476863091098195,7.5e-05
0.00448264341787818,1.25e-05
0.004488423744658165,0.000125
0.00449420407143815,0.0001
0.004499984398218134,8.75e-05
0.004505764724998119,8.75e-05
0.004511545051778104,0.0001
0.0045173253785580885,6.25e-05
0.004523105705338073,5e-05
0.0045288860321180575,0.0001
0.004534666358898042,5e-05
0.004540446685678027,7.5e-05
0.004546227012458013,2.5e-05
0.004552007339237997,0.0001
0.004557787666017982,0.0001
0.004563567992797966,0.0001125
0.004569348319577952,7.5e-05
0.004575128646357936,3.75e-05
0.004580908973137921,0.000125
0.004586689299917905,3.75e-05
0.004592469626697891,1.25e-05
0.004598249953477875,0.0001
0.00460403028025786,2.5e-05
0.004609810607037844,5e-05
0.00461559093381783,8.75e-05
0.004621371260597814,3.75e-05
0.004627151587377799,2.5e-05
0.004632931914157783,0.0001625
0.004638712240937768,6.25e-05
0.004644492567717753,3.75e-05
0.004650272894497738,6.25e-05
0.004656053221277722,6.25e-05
0.004661833548057707,5e-05
0.004667613874837692,0.0001
0.0046733942016176765,3.75e-05
0.004679174528397661,7.5e-05
0.0046849548551776456,2.5e-05
0.004690735181957632,0.0001
0.004696515508737616,3.75e-05
0.004702295835517601,7.5e-05
0.004708076162297585,8.75e-05
0.004713856489077571,1.25e-05
0.004719636815857555,0.000175
0.00472541714263754,5e-05
0.004731197469417524,2.5e-05
0.004736977796197509,5e-05
0.004742758122977494,5e-05
0.004748538449757479,3.75e-05
0.004754318776537463,8.75e-05
0.004760099103317448,3.75e-05
0.004771659756877418,6.25e-05
0.004777440083657402,5e-05
0.004783220410437387,3.75e-05
0.004789000737217372,0.0001125
0.004794781063997357,3.75e-05
0.004800561390777341,5e-05
0.004806341717557326,0.000125
0.004812122044337312,5e-05
0.004817902371117296,6.25e-05
0.004823682697897281,5e-05
0.004829463024677265,3.75e-05
0.00483524335145725,7.5e-05
0.004841023678237235,5e-05
0.00484680400501722,8.75e-05
0.004852584331797204,2.5e-05
0.004858364658577189,0.0001375
0.004864144985357174,5e-05
0.004869925312137159,2.5e-05
0.004875705638917143,3.75e-05
0.004881485965697128,6.25e-05
0.004893046619257098,6.25e-05
0.004898826946037082,6.25e-05
0.004904607272817067,0.0001
0.004910387599597052,0.0001125
0.004921948253157021,5e-05
0.004927728579937006,0.0001
0.00493350890671699,7.5e-05
0.004939289233496976,3.75e-05
0.00494506956027696,6.25e-05
0.004950849887056945,0.000125
0.004956630213836929,6.25e-05
0.004962410540616915,5e-05
0.0049681908673969,1.25e-05
0.004973971194176884,2.5e-05
0.004979751520956869,0.000125
0.004985531847736854,5e-05
0.004991312174516839,5e-05
0.004997092501296823,7.5e-05
0.005002872828076808,6.25e-05
0.005008653154856793,1.25e-05
0.005014433481636778,1.25e-05
0.005020213808416762,1.25e-05
0.005025994135196747,2.5e-05
0.005031774461976731,7.5e-05
0.005037554788756717,3.75e-05
0.005043335115536701,0.0001
0.005049115442316686,0.0001375
0.00505489576909667,6.25e-05
0.005060676095876656,1.25e-05
0.00506645642265664,5e-05
0.005072236749436625,0.0001
0.005078017076216609,3.75e-05
0.0050837974029965954,1.25e-05
0.00508957772977658,1.25e-05
0.0050953580565565645,0.0001125
0.005101138383336549,5e-05
0.005112699036896519,0.0001375
0.005118479363676503,6.25e-05
0.005124259690456488,3.75e-05
0.0051300400172364724,1.25e-05
0.005135820344016458,0.00015
0.005141600670796442,5e-05
0.005147380997576427,1.25e-05
0.005153161324356411,5e-05
0.005158941651136397,6.25e-05
0.005164721977916381,6.25e-05
0.005170502304696366,2.5e-05
0.00517628263147635,6.25e-05
0.005182062958256336,6.25e-05
0.00518784328503632,6.25e-05
0.005193623611816305,3.75e-05
0.005205184265376275,0.0001
0.005210964592156259,2.5e-05
0.005216744918936244,5e-05
0.005222525245716228,1.25e-05
0.0052283055724962136,3.75e-05
0.005234085899276199,5e-05
0.0052398662260561835,8.75e-05
0.005245646552836168,2.5e-05
0.0052514268796161525,6.25e-05
0.005257207206396138,0.0001
0.005262987533176122,2.5e-05
0.005268767859956107,1.25e-05
0.005274548186736091,2.5e-05
0.005280328513516077,2.5e-05
0.005286108840296061,2.5e-05
0.005291889167076046,6.25e-05
0.00529766949385603,0.000125
0.005303449820636016,5e-05
0.005309230147416,2.5e-05
0.005315010474195985,2.5e-05
0.005320790800975969,2.5e-05
0.005326571127755954,5e-05
0.005332351454535939,3.75e-05
0.005338131781315924,6.25e-05
0.005343912108095908,6.25e-05
0.005349692434875893,2.5e-05
0.005355472761655879,6.25e-05
0.0053612530884358635,2.5e-05
0.005367033415215848,8.75e-05
0.0053728137419958326,2.5e-05
0.005378594068775818,0.0001
0.0053843743955558025,6.25e-05
0.005390154722335787,3.75e-05
0.0053959350491157715,8.75e-05
0.005401715375895756,1.25e-05
0.005407495702675741,5e-05
0.005413276029455726,5e-05
0.00541905635623571,2.5e-05
0.005424836683015695,1.25e-05
0.00543061700979568,8.75e-05
0.005436397336575665,3.75e-05
0.005442177663355649,1.25e-05
0.005447957990135634,0.0001125
0.005453738316915619,3.75e-05
0.005459518643695604,1.25e-05
0.005465298970475588,6.25e-05
0.005471079297255573,3.75e-05
0.005476859624035559,0.000125
0.005482639950815544,5e-05
0.005488420277595528,3.75e-05
0.005494200604375513,2.5e-05
0.005499980931155497,5e-05
0.0055057612579354825,0.0001
0.005511541584715467,3.75e-05
0.0055173219114954515,6.25e-05
0.005523102238275436,3.75e-05
0.0055288825650554214,3.75e-05
0.005534662891835406,1.25e-05
0.0055404432186153905,3.75e-05
0.00555200387217536,0.0001375
0.005557784198955345,0.0001
0.005563564525735329,2.5e-05
0.005569344852515314,5e-05
0.005575125179295299,5e-05
0.005580905506075284,2.5e-05
0.005586685832855268,0.00015
0.005592466159635253,1.25e-05
0.005598246486415237,6.25e-05
0.005604026813195223,2.5e-05
0.005609807139975207,5e-05
0.005615587466755192,2.5e-05
0.005621367793535176,2.5e-05
0.0056271481203151626,1.25e-05
0.005632928447095147,1.25e-05
0.005638708773875132,3.75e-05
0.005644489100655116,6.25e-05
0.0056502694274351015,5e-05
0.005656049754215086,2.5e-05
0.0056618300809950705,5e-05
0.005667610407775055,6.25e-05
0.0056733907345550404,3.75e-05
0.005679171061335025,2.5e-05
0.0056849513881150095,1.25e-05
0.005690731714894994,2.5e-05
0.0056965120416749785,1.25e-05
0.005702292368454964,2.5e-05
0.005708072695234948,3.75e-05
0.005713853022014933,2.5e-05
0.0057196333487949174,7.5e-05
0.005725413675574903,5e-05
0.005731194002354887,0.000125
0.005736974329134872,3.75e-05
0.005742754655914856,5e-05
0.005748534982694843,5e-05
0.005754315309474827,1.25e-05
0.005760095636254812,3.75e-05
0.005765875963034796,1.25e-05
0.0057716562898147816,1.25e-05
0.005777436616594766,8.75e-05
0.005788997270154735,7.5e-05
0.00579477759693472,2.5e-05
0.005800557923714705,7.5e-05
0.0058063382504946895,6.25e-05
0.005812118577274674,3.75e-05
0.005823679230834644,2.5e-05
0.0058294595576146285,1.25e-05
0.005835239884394613,1.25e-05
0.0058410202111745975,5e-05
0.005846800537954583,0.0001
0.005852580864734567,3.75e-05
0.005858361191514552,2.5e-05
0.005864141518294536,3.75e-05
0.005869921845074522,5e-05
0.005875702171854506,3.75e-05
0.005881482498634491,8.75e-05
0.005887262825414475,1.25e-05
0.00589304315219446,2.5e-05
0.005898823478974446,1.25e-05
0.005904603805754431,7.5e-05
0.005910384132534415,2.5e-05
0.0059161644593144,5e-05
0.005921944786094385,6.25e-05
0.00592772511287437,1.25e-05
0.005933505439654354,7.5e-05
0.005939285766434339,1.25e-05
0.005945066093214324,6.25e-05
0.0059508464199943085,0.0001
0.005956626746774293,3.75e-05
0.0059624070735542775,3.75e-05
0.005968187400334263,0.0001
0.0059739677271142475,3.75e-05
0.005979748053894232,2.5e-05
0.0059855283806742165,3.75e-05
0.005991308707454201,7.5e-05
0.006002869361014171,0.0001
0.006008649687794155,8.75e-05
0.00601443001457414,6.25e-05
0.006020210341354126,6.25e-05
0.006025990668134111,2.5e-05
0.006031770994914095,5e-05
0.00603755132169408,5e-05
0.006043331648474065,6.25e-05
0.00604911197525405,2.5e-05
0.006054892302034034,3.75e-05
0.006060672628814019,7.5e-05
0.006066452955594004,1.25e-05
0.006072233282373989,3.75e-05
0.006078013609153973,2.5e-05
0.006083793935933958,3.75e-05
0.0060953545894939275,6.25e-05
0.0061069152430538965,3.75e-05
0.006112695569833881,8.75e-05
0.0061184758966138664,3.75e-05
0.006124256223393851,7.5e-05
0.0061300365501738355,2.5e-05
0.00613581687695382,2.5e-05
0.006141597203733805,8.75e-05
0.00614737753051379,2.5e-05
0.006153157857293774,5e-05
0.006158938184073759,7.5e-05
0.0061647185108537434,1.25e-05
0.00617049883763373,2.5e-05
0.006176279164413714,3.75e-05
0.006182059491193699,3.75e-05
0.006187839817973683,1.25e-05
0.006193620144753669,6.25e-05
0.006199400471533653,1.25e-05
0.006205180798313638,5e-05
0.0062167414518736076,5e-05
0.006222521778653592,7.5e-05
0.006228302105433577,6.25e-05
0.006234082432213561,5e-05
0.0062398627589935465,3.75e-05
0.006245643085773531,5e-05
0.0062514234125535155,3.75e-05
0.0062572037393335,2.5e-05
0.0062629840661134846,8.75e-05
0.00626876439289347,2.5e-05
0.0062745447196734545,8.75e-05
0.006280325046453439,7.5e-05
0.0062861053732334235,2.5e-05
0.00629188570001341,3.75e-05
0.006297666026793394,8.75e-05
0.006303446353573379,1.25e-05
0.006309226680353363,2.5e-05
0.006315007007133349,8.75e-05
0.006320787333913333,5e-05
0.006326567660693318,3.75e-05
0.006332347987473302,6.25e-05
0.006338128314253288,5e-05
0.006343908641033272,0.0001
0.006349688967813257,5e-05
0.006355469294593241,6.25e-05
0.006361249621373226,6.25e-05
0.006367029948153211,5e-05
0.006372810274933196,6.25e-05
0.006384370928493165,2.5e-05
0.00639015125527315,3.75e-05
0.0063959315820531345,6.25e-05
0.006401711908833119,6.25e-05
0.0064074922356131036,5e-05
0.006413272562393089,1.25e-05
0.006424833215953059,7.5e-05
0.006430613542733043,5e-05
0.006436393869513029,6.25e-05
0.006447954523072998,0.0001
0.006453734849852982,3.75e-05
0.006459515176632967,2.5e-05
0.006465295503412952,5e-05
0.006471075830192937,1.25e-05
0.006476856156972921,7.5e-05
0.006482636483752906,1.25e-05
0.006488416810532891,2.5e-05
0.006494197137312876,1.25e-05
0.00649997746409286,3.75e-05
0.006505757790872845,5e-05
0.00651153811765283,3.75e-05
0.006517318444432815,3.75e-05
0.006523098771212799,3.75e-05
0.006528879097992784,5e-05
0.0065404397515527535,1.25e-05
0.006546220078332738,3.75e-05
0.0065520004051127225,6.25e-05
0.006557780731892707,3.75e-05
0.006563561058672693,2.5e-05
0.006569341385452678,6.25e-05
0.006575121712232662,3.75e-05
0.006580902039012647,1.25e-05
0.006586682365792632,7.5e-05
0.006592462692572617,5e-05
0.006598243019352601,6.25e-05
0.006604023346132586,1.25e-05
0.006609803672912571,6.25e-05
0.00662136432647254,2.5e-05
0.006627144653252525,2.5e-05
0.00663292498003251,2.5e-05
0.006638705306812495,3.75e-05
0.006644485633592479,2.5e-05
0.006650265960372464,1.25e-05
0.006656046287152448,1.25e-05
0.006661826613932434,3.75e-05
0.006667606940712418,1.25e-05
0.006673387267492403,2.5e-05
0.006679167594272387,7.5e-05
0.006684947921052373,5e-05
0.006690728247832358,1.25e-05
0.006696508574612342,3.75e-05
0.006708069228172312,2.5e-05
0.006713849554952297,6.25e-05
0.006719629881732281,3.75e-05
0.006725410208512266,2.5e-05
0.006731190535292251,3.75e-05
0.00674275118885222,1.25e-05
0.006748531515632205,6.25e-05
0.006754311842412189,2.5e-05
0.006760092169192175,2.5e-05
0.006771652822752144,5e-05
0.006777433149532128,3.75e-05
0.006783213476312114,3.75e-05
0.006788993803092098,6.25e-05
0.006794774129872083,1.25e-05
0.006800554456652067,2.5e-05
0.0068063347834320526,6.25e-05
0.006812115110212037,3.75e-05
0.006817895436992022,3.75e-05
0.006823675763772006,2.5e-05
0.006829456090551992,2.5e-05
0.006835236417331977,1.25e-05
0.006841016744111961,3.75e-05
0.006846797070891946,5e-05
0.00685257739767193,7.5e-05
0.006858357724451916,1.25e-05
0.006869918378011885,1.25e-05
0.006875698704791869,2.5e-05
0.006881479031571855,6.25e-05
0.006887259358351839,1.25e-05
0.006893039685131824,3.75e-05
0.006898820011911808,1.25e-05
0.006910380665471778,6.25e-05
0.006916160992251763,2.5e-05
0.006921941319031747,6.25e-05
0.006939282299371702,5e-05
0.006945062626151686,7.5e-05
0.006950842952931671,1.25e-05
0.006956623279711657,5e-05
0.006968183933271626,3.75e-05
0.0069739642600516105,6.25e-05
0.006979744586831596,1.25e-05
0.00698552491361158,2.5e-05
0.006991305240391565,7.5e-05
0.006997085567171549,2.5e-05
0.007002865893951535,1.25e-05
0.007008646220731519,3.75e-05
0.007014426547511504,1.25e-05
0.007020206874291488,2.5e-05
0.007037547854631443,1.25e-05
0.007043328181411427,2.5e-05
0.007049108508191412,1.25e-05
0.007054888834971397,1.25e-05
0.007060669161751382,6.25e-05
0.007066449488531366,1.25e-05
0.007078010142091336,1.25e-05
0.007083790468871321,5e-05
0.007089570795651305,1.25e-05
0.00709535112243129,1.25e-05
0.007101131449211276,7.5e-05
0.0071069117759912604,1.25e-05
0.007112692102771245,3.75e-05
0.007124252756331214,6.25e-05
0.007130033083111199,1.25e-05
0.007135813409891184,1.25e-05
0.007141593736671168,3.75e-05
0.007147374063451153,2.5e-05
0.007153154390231138,1.25e-05
0.007158934717011123,5e-05
0.007164715043791107,0.0001
0.007170495370571092,1.25e-05
0.007176275697351077,1.25e-05
0.007182056024131062,7.5e-05
0.007187836350911046,2.5e-05
0.007193616677691031,1.25e-05
0.007199397004471016,6.25e-05
0.007205177331251001,1.25e-05
0.00721673798481097,5e-05
0.0072282986383709405,2.5e-05
0.007234078965150925,3.75e-05
0.0072398592919309095,2.5e-05
0.007245639618710894,1.25e-05
0.007251419945490879,3.75e-05
0.007257200272270864,1.25e-05
0.0072629805990508485,2.5e-05
0.007268760925830833,3.75e-05
0.007274541252610818,1.25e-05
0.007280321579390803,1.25e-05
0.007286101906170787,3.75e-05
0.007297662559730757,2.5e-05
0.007303442886510742,5e-05
0.007309223213290726,3.75e-05
0.007315003540070711,1.25e-05
0.007320783866850695,3.75e-05
0.007326564193630681,3.75e-05
0.007332344520410665,1.25e-05
0.00733812484719065,2.5e-05
0.007343905173970634,5e-05
0.007355465827530604,1.25e-05
0.007361246154310589,2.5e-05
0.007367026481090574,2.5e-05
0.0073728068078705595,6.25e-05
0.007378587134650544,2.5e-05
0.0073843674614305285,2.5e-05
0.007390147788210513,1.25e-05
0.007395928114990498,1.25e-05
0.007401708441770483,2.5e-05
0.0074074887685504675,0.0001
0.007424829748890422,2.5e-05
0.007430610075670406,3.75e-05
0.007436390402450391,2.5e-05
0.007442170729230375,7.5e-05
0.007447951056010361,3.75e-05
0.007465292036350314,5e-05
0.0074710723631303,1.25e-05
0.007476852689910284,6.25e-05
0.007482633016690269,2.5e-05
0.007488413343470253,2.5e-05
0.0074941936702502395,2.5e-05
0.007505754323810209,3.75e-05
0.007511534650590193,3.75e-05
0.007517314977370178,2.5e-05
0.0075288756309301475,2.5e-05
0.007534655957710132,1.25e-05
0.0075404362844901165,1.25e-05
0.007546216611270102,3.75e-05
0.0075519969380500864,2.5e-05
0.007557777264830071,2.5e-05
0.0075635575916100555,8.75e-05
0.007569337918390041,1.25e-05
0.007575118245170025,2.5e-05
0.00758089857195001,3.75e-05
0.007586678898729994,3.75e-05
0.007598239552289964,2.5e-05
0.007609800205849933,8.75e-05
0.007615580532629918,1.25e-05
0.007621360859409904,1.25e-05
0.007627141186189889,3.75e-05
0.007632921512969873,5e-05
0.007638701839749858,2.5e-05
0.007650262493309828,8.75e-05
0.007661823146869797,1.25e-05
0.007679164127209751,2.5e-05
0.0076849444539897355,5e-05
0.007690724780769721,2.5e-05
0.00770228543432969,5e-05
0.0077080657611096745,3.75e-05
0.007713846087889659,2.5e-05
0.007719626414669644,3.75e-05
0.007725406741449629,5e-05
0.007731187068229613,3.75e-05
0.007736967395009598,2.5e-05
0.007748528048569568,2.5e-05
0.007754308375349552,7.5e-05
0.007760088702129537,5e-05
0.007771649355689508,1.25e-05
0.007777429682469492,3.75e-05
0.007783210009249477,2.5e-05
0.007788990336029462,5e-05
0.0077947706628094466,1.25e-05
0.007800550989589431,2.5e-05
0.007806331316369416,2.5e-05
0.0078121116431494,2.5e-05
0.007817891969929385,1.25e-05
0.00782367229670937,6.25e-05
0.007829452623489355,2.5e-05
0.007841013277049325,1.25e-05
0.007846793603829309,3.75e-05
0.007852573930609294,2.5e-05
0.007858354257389278,0.0001
0.007864134584169263,1.25e-05
0.007869914910949249,3.75e-05
0.007875695237729232,2.5e-05
0.007881475564509218,1.25e-05
0.007893036218069187,3.75e-05
0.007898816544849172,1.25e-05
0.007910377198409141,3.75e-05
0.007916157525189127,1.25e-05
0.00792193785196911,1.25e-05
0.007927718178749096,7.5e-05
0.00793349850552908,1.25e-05
0.007939278832309065,1.25e-05
0.00794505915908905,1.25e-05
0.007956619812649019,5e-05
0.007962400139429004,1.25e-05
0.00796818046620899,1.25e-05
0.007979741119768959,2.5e-05
0.007985521446548943,1.25e-05
0.007991301773328928,3.75e-05
0.007997082100108913,2.5e-05
0.008002862426888897,1.25e-05
0.008014423080448868,2.5e-05
0.008020203407228851,1.25e-05
0.00803176406078882,3.75e-05
0.008037544387568806,2.5e-05
0.008043324714348791,3.75e-05
0.00805488536790876,2.5e-05
0.008060665694688746,1.25e-05
0.00806644602146873,1.25e-05
0.008072226348248715,1.25e-05
0.008083787001808684,2.5e-05
0.008089567328588669,1.25e-05
0.008095347655368654,2.5e-05
0.008101127982148638,5e-05
0.008106908308928623,1.25e-05
0.008112688635708609,1.25e-05
0.008118468962488593,1.25e-05
0.008124249289268578,3.75e-05
0.008135809942828547,6.25e-05
0.008141590269608532,2.5e-05
0.008147370596388516,1.25e-05
0.008153150923168501,1.25e-05
0.00816471157672847,1.25e-05
0.008170491903508456,1.25e-05
0.00817627223028844,1.25e-05
0.008182052557068425,1.25e-05
0.00818783288384841,2.5e-05
0.008193613210628394,1.25e-05
0.00819939353740838,1.25e-05
0.008205173864188363,2.5e-05
0.008210954190968348,3.75e-05
0.008216734517748334,2.5e-05
0.008222514844528317,3.75e-05
0.008234075498088288,3.75e-05
0.008239855824868273,2.5e-05
0.008245636151648257,2.5e-05
0.008257196805208228,2.5e-05
0.008262977131988212,3.75e-05
0.00827453778554818,2.5e-05
0.008286098439108151,2.5e-05
0.008291878765888135,2.5e-05
0.00829765909266812,1.25e-05
0.008303439419448104,2.5e-05
0.00830921974622809,3.75e-05
0.008315000073008075,1.25e-05
0.008320780399788058,1.25e-05
0.008326560726568044,1.25e-05
0.00833234105334803,3.75e-05
0.008343901706907998,6.25e-05
0.008361242687247953,1.25e-05
0.008378583667587907,3.75e-05
0.008384363994367892,2.5e-05
0.008395924647927861,7.5e-05
0.008401704974707845,2.5e-05
0.00840748530148783,2.5e-05
0.008413265628267816,5e-05
0.008424826281827785,1.25e-05
0.00843060660860777,1.25e-05
0.00844216726216774,3.75e-05
0.008447947588947723,6.25e-05
0.008453727915727708,1.25e-05
0.008465288569287677,3.75e-05
0.008471068896067663,1.25e-05
0.008476849222847646,1.25e-05
0.008482629549627632,1.25e-05
0.008488409876407617,2.5e-05
0.0084941902031876,3.75e-05
0.008499970529967586,3.75e-05
0.008505750856747572,1.25e-05
0.008511531183527557,1.25e-05
0.00851731151030754,2.5e-05
0.008523091837087526,2.5e-05
0.008528872163867511,1.25e-05
0.008534652490647495,5e-05
0.00854043281742748,1.25e-05
0.008546213144207464,5e-05
0.00855199347098745,2.5e-05
0.008563554124547419,1.25e-05
0.008569334451327404,6.25e-05
0.008575114778107388,1.25e-05
0.008580895104887373,1.25e-05
0.008586675431667358,6.25e-05
0.008592455758447342,2.5e-05
0.008598236085227327,1.25e-05
0.008604016412007313,3.75e-05
0.008609796738787296,6.25e-05
0.008621357392347265,1.25e-05
0.008627137719127253,1.25e-05
0.008632918045907236,1.25e-05
0.008638698372687222,3.75e-05
0.008644478699467205,2.5e-05
0.00865025902624719,1.25e-05
0.008656039353027176,2.5e-05
0.008667600006587145,5e-05
0.008673380333367129,3.75e-05
0.008679160660147114,2.5e-05
0.0086849409869271,1.25e-05
0.008690721313707083,1.25e-05
0.008696501640487068,3.75e-05
0.008702281967267054,2.5e-05
0.008708062294047038,2.5e-05
0.008713842620827023,3.75e-05
0.008719622947607007,1.25e-05
0.008725403274386992,1.25e-05
0.008731183601166977,1.25e-05
0.008736963927946961,2.5e-05
0.008742744254726946,6.25e-05
0.00874852458150693,2.5e-05
0.008754304908286915,1.25e-05
0.0087600852350669,2.5e-05
0.008765865561846884,2.5e-05
0.00877164588862687,1.25e-05
0.008777426215406855,2.5e-05
0.00878320654218684,1.25e-05
0.00879476719574681,3.75e-05
0.008800547522526795,1.25e-05
0.008806327849306779,3.75e-05
0.008812108176086764,1.25e-05
0.008817888502866748,6.25e-05
0.008823668829646733,3.75e-05
0.008829449156426718,3.75e-05
0.008835229483206702,3.75e-05
0.008841009809986687,1.25e-05
0.008846790136766671,1.25e-05
0.008852570463546656,3.75e-05
0.008858350790326642,3.75e-05
0.008864131117106626,2.5e-05
0.008869911443886611,2.5e-05
0.008875691770666596,1.25e-05
0.00888147209744658,3.75e-05
0.008887252424226565,2.5e-05
0.008893032751006549,2.5e-05
0.008898813077786536,6.25e-05
0.008910373731346505,1.25e-05
0.008916154058126489,1.25e-05
0.00892771471168646,1.25e-05
0.008933495038466443,2.5e-05
0.008939275365246429,3.75e-05
0.008945055692026412,2.5e-05
0.008950836018806398,5e-05
0.008956616345586383,1.25e-05
0.008962396672366367,1.25e-05
0.008968176999146352,3.75e-05
0.008973957325926337,1.25e-05
0.008979737652706321,2.5e-05
0.008985517979486306,6.25e-05
0.00899129830626629,1.25e-05
0.008997078633046275,1.25e-05
0.009002858959826261,3.75e-05
0.009020199940166215,3.75e-05
0.009031760593726184,1.25e-05
0.009049101574066139,2.5e-05
0.009054881900846122,2.5e-05
0.00906066222762611,2.5e-05
0.009072222881186079,5e-05
0.009083783534746048,1.25e-05
0.009089563861526031,5e-05
0.009095344188306017,1.25e-05
0.009101124515086,2.5e-05
0.009106904841865987,3.75e-05
0.009112685168645971,1.25e-05
0.009118465495425956,2.5e-05
0.00912424582220594,1.25e-05
0.009130026148985925,2.5e-05
0.009147367129325878,1.25e-05
0.009153147456105864,1.25e-05
0.00915892778288585,2.5e-05
0.009164708109665834,3.75e-05
0.009176268763225803,2.5e-05
0.009182049090005789,1.25e-05
0.009187829416785772,1.25e-05
0.009193609743565758,5e-05
0.009199390070345741,1.25e-05
0.009205170397125729,5e-05
0.009210950723905712,7.5e-05
0.009216731050685698,2.5e-05
0.009228291704245667,3.75e-05
0.00923407203102565,2.5e-05
0.009239852357805636,1.25e-05
0.00924563268458562,1.25e-05
0.009251413011365605,1.25e-05
0.009262973664925575,3.75e-05
0.009268753991705559,1.25e-05
0.009274534318485544,2.5e-05
0.009280314645265528,2.5e-05
0.009286094972045513,2.5e-05
0.009297655625605483,2.5e-05
0.00930343595238547,1.25e-05
0.009314996605945439,2.5e-05
0.009338117913065377,1.25e-05
0.00934389823984536,1.25e-05
0.009349678566625346,2.5e-05
0.009355458893405331,1.25e-05
0.009372799873745286,1.25e-05
0.00937858020052527,2.5e-05
0.009384360527305255,2.5e-05
0.009390140854085238,1.25e-05
0.009395921180865224,3.75e-05
0.009401701507645209,2.5e-05
0.009407481834425194,1.25e-05
0.009413262161205178,5e-05
0.009419042487985163,2.5e-05
0.009424822814765147,1.25e-05
0.009430603141545132,2.5e-05
0.009436383468325116,2.5e-05
0.009442163795105101,1.25e-05
0.009447944121885085,1.25e-05
0.009453724448665072,6.25e-05
0.009459504775445058,2.5e-05
0.009471065429005027,7.5e-05
0.00947684575578501,1.25e-05
0.00948840640934498,2.5e-05
0.00949996706290495,1.25e-05
0.009505747389684936,2.5e-05
0.00951152771646492,2.5e-05
0.009528868696804874,1.25e-05
0.009534649023584857,2.5e-05
0.009546209677144826,1.25e-05
0.009551990003924813,2.5e-05
0.009557770330704799,3.75e-05
0.009575111311044751,3.75e-05
0.009580891637824737,1.25e-05
0.009592452291384706,2.5e-05
0.009598232618164691,3.75e-05
0.00960979327172466,2.5e-05
0.009615573598504646,2.5e-05
0.009627134252064615,6.25e-05
0.009632914578844598,2.5e-05
0.009644475232404567,3.75e-05
0.009650255559184555,2.5e-05
0.009656035885964538,3.75e-05
0.009661816212744524,2.5e-05
0.009667596539524507,1.25e-05
0.009679157193084476,2.5e-05
0.009696498173424432,1.25e-05
0.009702278500204418,2.5e-05
0.009713839153764387,3.75e-05
0.00971961948054437,2.5e-05
0.00973118013410434,3.75e-05
0.009736960460884325,2.5e-05
0.009748521114444296,3.75e-05
0.009760081768004265,1.25e-05
0.009765862094784248,1.25e-05
0.009777422748344217,1.25e-05
0.009783203075124203,5e-05
0.009794763728684173,2.5e-05
0.009800544055464157,2.5e-05
0.009806324382244143,1.25e-05
0.009812104709024126,1.25e-05
0.009817885035804112,5e-05
0.009823665362584095,1.25e-05
0.00982944568936408,3.75e-05
0.009835226016144064,1.25e-05
0.00984100634292405,1.25e-05
0.00985256699648402,1.25e-05
0.009858347323264006,3.75e-05
0.009881468630383944,1.25e-05
0.009887248957163928,1.25e-05
0.009910370264283867,2.5e-05
0.009916150591063853,1.25e-05
0.009921930917843836,2.5e-05
0.009927711244623822,1.25e-05
0.009933491571403805,3.75e-05
0.00993927189818379,1.25e-05
0.009945052224963776,3.75e-05
0.009950832551743762,1.25e-05
0.009956612878523745,3.75e-05
0.00996239320530373,1.25e-05
0.0099739538588637,2.5e-05
0.009979734185643685,1.25e-05
0.009991294839203654,1.25e-05
0.010002855492763625,1.25e-05
0.010008635819543608,2.5e-05
0.010020196473103577,1.25e-05
0.010025976799883563,2.5e-05
0.010037537453443532,1.25e-05
0.010043317780223517,2.5e-05
0.010049098107003503,1.25e-05
0.010054878433783486,1.25e-05
0.010060658760563472,3.75e-05
0.01007221941412344,1.25e-05
0.010077999740903424,1.25e-05
0.010089560394463393,2.5e-05
0.01009534072124338,2.5e-05
0.010101121048023366,1.25e-05
0.01010690137480335,1.25e-05
0.010112681701583335,3.75e-05
0.010124242355143304,1.25e-05
0.010130022681923288,1.25e-05
0.010135803008703273,1.25e-05
0.010141583335483258,1.25e-05
0.010147363662263244,2.5e-05
0.010153143989043227,1.25e-05
0.010164704642603196,3.75e-05
0.010176265296163165,2.5e-05
0.01018204562294315,2.5e-05
0.010187825949723135,1.25e-05
0.010199386603283105,2.5e-05
0.01020516693006309,1.25e-05
0.010210947256843074,2.5e-05
0.01021672758362306,3.75e-05
0.010228288237183029,2.5e-05
0.010234068563963012,5e-05
0.010239848890743,1.25e-05
0.010251409544302969,2.5e-05
0.010268750524642923,2.5e-05
0.010274530851422907,1.25e-05
0.010286091504982876,1.25e-05
0.010303432485322832,1.25e-05
0.010320773465662784,1.25e-05
0.01033811444600274,1.25e-05
0.01034967509956271,1.25e-05
0.010361235753122679,1.25e-05
0.010372796406682648,2.5e-05
0.010378576733462631,1.25e-05
0.010384357060242617,1.25e-05
0.010390137387022604,1.25e-05
0.010401698040582573,1.25e-05
0.010407478367362557,1.25e-05
0.010436380001262482,2.5e-05
0.010442160328042465,2.5e-05
0.01044794065482245,1.25e-05
0.01045950130838242,3.75e-05
0.010465281635162403,1.25e-05
0.010476842288722372,1.25e-05
0.010499963595842314,1.25e-05
0.010511524249402283,2.5e-05
0.010517304576182267,1.25e-05
0.010528865229742236,2.5e-05
0.010534645556522223,1.25e-05
0.010546206210082192,2.5e-05
0.010551986536862176,1.25e-05
0.010557766863642161,3.75e-05
0.010563547190422145,1.25e-05
0.01056932751720213,1.25e-05
0.010586668497542084,1.25e-05
0.01059244882432207,1.25e-05
0.010598229151102053,2.5e-05
0.010604009477882039,3.75e-05
0.010609789804662022,1.25e-05
0.010621350458221991,2.5e-05
0.010627130785001977,1.25e-05
0.010656032418901902,1.25e-05
0.010661812745681886,3.75e-05
0.010667593072461871,2.5e-05
0.01067915372602184,1.25e-05
0.010684934052801826,1.25e-05
0.010708055359921764,3.75e-05
0.010719616013481733,3.75e-05
0.010748517647381658,2.5e-05
0.010754297974161641,1.25e-05
0.010771638954501596,1.25e-05
0.010783199608061567,1.25e-05
0.010806320915181505,5e-05
0.01081210124196149,1.25e-05
0.010823661895521459,2.5e-05
0.010829442222301445,1.25e-05
0.01083522254908143,1.25e-05
0.010841002875861414,1.25e-05
0.010852563529421383,1.25e-05
0.010858343856201368,3.75e-05
0.010864124182981352,1.25e-05
0.010881465163321308,2.5e-05
0.010887245490101291,3.75e-05
0.010893025816881277,2.5e-05
0.01089880614366126,1.25e-05
0.01091036679722123,2.5e-05
0.010916147124001215,2.5e-05
0.0109219274507812,1.25e-05
0.010927707777561186,1.25e-05
0.010933488104341171,1.25e-05
0.010968170065021078,1.25e-05
0.010973950391801062,3.75e-05
0.010979730718581049,3.75e-05
0.010997071698921002,1.25e-05
0.011014412679260956,2.5e-05
0.011031753659600912,1.25e-05
0.011043314313160881,1.25e-05
0.011049094639940865,2.5e-05
0.01105487496672085,1.25e-05
0.01106643562028082,3.75e-05
0.011072215947060803,1.25e-05
0.011083776600620774,1.25e-05
0.011089556927400759,1.25e-05
0.011101117580960728,2.5e-05
0.011112678234520697,2.5e-05
0.01114157986842062,2.5e-05
0.01115314052198059,3.75e-05
0.011164701175540559,2.5e-05
0.011170481502320544,1.25e-05
0.011176261829100531,1.25e-05
0.0111878224826605,2.5e-05
0.011193602809440484,1.25e-05
0.01119938313622047,1.25e-05
0.011210943789780438,3.75e-05
0.011222504443340409,1.25e-05
0.011228284770120393,1.25e-05
0.01125140607724033,2.5e-05
0.01127452738436027,2.5e-05
0.01128608803792024,3.75e-05
0.011291868364700225,3.75e-05
0.011314989671820163,1.25e-05
0.011326550325380134,2.5e-05
0.01133233065216012,1.25e-05
0.011338110978940103,1.25e-05
0.011343891305720088,1.25e-05
0.011355451959280057,2.5e-05
0.01136123228606004,1.25e-05
0.011367012612840026,1.25e-05
0.011372792939620012,2.5e-05
0.011378573266399997,1.25e-05
0.011390133919959966,1.25e-05
0.01143059620741986,1.25e-05
0.011465278168099767,2.5e-05
0.011476838821659738,2.5e-05
0.011482619148439722,1.25e-05
0.011499960128779676,2.5e-05
0.01150574045555966,3.75e-05
0.011517301109119629,1.25e-05
0.011534642089459585,3.75e-05
0.011546202743019554,1.25e-05
0.011551983069799538,3.75e-05
0.011563543723359507,1.25e-05
0.011569324050139494,2.5e-05
0.01157510437691948,1.25e-05
0.011598225684039417,2.5e-05
0.011604006010819401,3.75e-05
0.011621346991159357,1.25e-05
0.011632907644719326,1.25e-05
0.01163868797149931,1.25e-05
0.011644468298279295,2.5e-05
0.011656028951839264,1.25e-05
0.011667589605399235,3.75e-05
0.011673369932179219,1.25e-05
0.011679150258959204,1.25e-05
0.011696491239299157,1.25e-05
0.011702271566079142,1.25e-05
0.011725392873199082,3.75e-05
0.011736953526759051,1.25e-05
0.01177163548743896,1.25e-05
0.011777415814218945,1.25e-05
0.011794756794558898,1.25e-05
0.011800537121338883,1.25e-05
0.011806317448118867,3.75e-05
0.011812097774898852,1.25e-05
0.011817878101678838,2.5e-05
0.011829438755238807,1.25e-05
0.011835219082018792,2.5e-05
0.01185834038913873,1.25e-05
0.011869901042698701,1.25e-05
0.01188146169625867,1.25e-05
0.011887242023038655,2.5e-05
0.011898802676598624,1.25e-05
0.011904583003378608,1.25e-05
0.011916143656938579,1.25e-05
0.011939264964058517,1.25e-05
0.011962386271178458,1.25e-05
0.011973946924738427,2.5e-05
0.011997068231858365,1.25e-05
0.012002848558638349,1.25e-05
0.012008628885418334,1.25e-05
0.012020189538978305,1.25e-05
0.012025969865758289,1.25e-05
0.012037530519318258,2.5e-05
0.012060651826438198,1.25e-05
0.012083773133558136,1.25e-05
0.012089553460338121,2.5e-05
0.012106894440678074,1.25e-05
0.012112674767458061,1.25e-05
0.01212423542101803,1.25e-05
0.012141576401357984,3.75e-05
0.012147356728137968,2.5e-05
0.012153137054917953,2.5e-05
0.012164697708477924,1.25e-05
0.012170478035257908,1.25e-05
0.012182038688817877,1.25e-05
0.012193599342377846,1.25e-05
0.012210940322717802,2.5e-05
0.012222500976277771,1.25e-05
0.01223406162983774,2.5e-05
0.012239841956617724,1.25e-05
0.012262963263737665,1.25e-05
0.012274523917297634,1.25e-05
0.012309205877977543,1.25e-05
0.012332327185097481,1.25e-05
0.012355448492217421,1.25e-05
0.012361228818997405,1.25e-05
0.01237856979933736,1.25e-05
0.012384350126117345,3.75e-05
0.012419032086797253,1.25e-05
0.012424812413577237,2.5e-05
0.012436373067137206,1.25e-05
0.012442153393917191,1.25e-05
0.0124768353545971,1.25e-05
0.012482615681377084,3.75e-05
0.012505736988497025,1.25e-05
0.012523077968836978,1.25e-05
0.012534638622396947,1.25e-05
0.012540418949176933,2.5e-05
0.012580881236636825,1.25e-05
0.01258666156341681,2.5e-05
0.012592441890196794,1.25e-05
0.012644464831216657,1.25e-05
0.012650245157996644,1.25e-05
0.012679146791896566,2.5e-05
0.012702268099016506,1.25e-05
0.012708048425796491,2.5e-05
0.012725389406136444,2.5e-05
0.01273116973291643,1.25e-05
0.012736950059696413,1.25e-05
0.012742730386476398,1.25e-05
0.012748510713256384,5e-05
0.01275429104003637,1.25e-05
0.012788973000716276,1.25e-05
0.01279475332749626,1.25e-05
0.012806313981056233,1.25e-05
0.012812094307836216,1.25e-05
0.012817874634616202,3.75e-05
0.01282943528817617,1.25e-05
0.01284099594173614,1.25e-05
0.012887238555976017,1.25e-05
0.012927700843435912,1.25e-05
0.012933481170215895,1.25e-05
0.01293926149699588,2.5e-05
0.01296238280411582,1.25e-05
0.012991284438015742,1.25e-05
0.013008625418355698,3.75e-05
0.013020186071915667,1.25e-05
0.013025966398695651,1.25e-05
0.013031746725475636,1.25e-05
0.013049087705815593,1.25e-05
0.013089549993275483,1.25e-05
0.01310689097361544,1.25e-05
0.013118451627175409,1.25e-05
0.013124231953955392,2.5e-05
0.013153133587855317,1.25e-05
0.013158913914635301,2.5e-05
0.013164694241415286,1.25e-05
0.01317047456819527,1.25e-05
0.013193595875315212,1.25e-05
0.01320515652887518,1.25e-05
0.013210936855655164,1.25e-05
0.013234058162775102,2.5e-05
0.013239838489555088,1.25e-05
0.013251399143115059,2.5e-05
0.013262959796675028,3.75e-05
0.01328030077701498,1.25e-05
0.013286081103794966,1.25e-05
0.013291861430574951,1.25e-05
0.013309202410914905,1.25e-05
0.013320763064474874,1.25e-05
0.01332654339125486,1.25e-05
0.013343884371594814,1.25e-05
0.013361225351934769,1.25e-05
0.013378566332274721,1.25e-05
0.013419028619734616,1.25e-05
0.013436369600074568,2.5e-05
0.01344793025363454,1.25e-05
0.013465271233974493,1.25e-05
0.013476831887534462,3.75e-05
0.01352307450177434,2.5e-05
0.013540415482114296,1.25e-05
0.013551976135674266,1.25e-05
0.013563536789234235,2.5e-05
0.013586658096354174,1.25e-05
0.013603999076694129,1.25e-05
0.013615559730254098,3.75e-05
0.013650241690934007,1.25e-05
0.01365602201771399,2.5e-05
0.013661802344493976,1.25e-05
0.01366758267127396,1.25e-05
0.013684923651613915,1.25e-05
0.013690703978393899,1.25e-05
0.013702264631953868,1.25e-05
0.013725385939073806,1.25e-05
0.013736946592633779,1.25e-05
0.013742726919413762,1.25e-05
0.013748507246193748,2.5e-05
0.013760067899753717,1.25e-05
0.013771628553313686,1.25e-05
0.01380053018721361,1.25e-05
0.013829431821113533,2.5e-05
0.013846772801453489,1.25e-05
0.013858333455013458,1.25e-05
0.01387567443535341,2.5e-05
0.013887235088913381,1.25e-05
0.013916136722813305,1.25e-05
0.013962379337053183,2.5e-05
0.013968159663833166,2.5e-05
0.013979720317393139,1.25e-05
0.013997061297733092,2.5e-05
0.01400862195129306,1.25e-05
0.014014402278073046,1.25e-05
0.014060644892312924,2.5e-05
0.014066425219092907,1.25e-05
0.01411844816011277,1.25e-05
0.014130008813672741,1.25e-05
0.01414156946723271,2.5e-05
0.01415313012079268,1.25e-05
0.014164690774352649,1.25e-05
0.014170471101132634,1.25e-05
0.014187812081472588,1.25e-05
0.014210933388592526,1.25e-05
0.014216713715372512,1.25e-05
0.014245615349272435,1.25e-05
0.01425139567605242,2.5e-05
0.01426295632961239,3.75e-05
0.01428607763673233,1.25e-05
0.014291857963512315,1.25e-05
0.014297638290292299,1.25e-05
0.014303418617072284,1.25e-05
0.014355441558092145,1.25e-05
0.014372782538432102,1.25e-05
0.014390123518772056,1.25e-05
0.014407464499112009,1.25e-05
0.014419025152671978,1.25e-05
0.014430585806231949,1.25e-05
0.014447926786571903,1.25e-05
0.014453707113351887,1.25e-05
0.014465267766911856,1.25e-05
0.01450573005437175,1.25e-05
0.014523071034711706,1.25e-05
0.014569313648951584,1.25e-05
0.014575093975731567,3.75e-05
0.014586654629291537,2.5e-05
0.014592434956071522,1.25e-05
0.014603995609631491,2.5e-05
0.01461555626319146,1.25e-05
0.014656018550651352,1.25e-05
0.014673359530991309,1.25e-05
0.014684920184551278,2.5e-05
0.014690700511331263,1.25e-05
0.014696480838111247,1.25e-05
0.014713821818451201,1.25e-05
0.014742723452351125,1.25e-05
0.014754284105911094,1.25e-05
0.014760064432691079,1.25e-05
0.014777405413031035,1.25e-05
0.014817867700490928,1.25e-05
0.014823648027270913,2.5e-05
0.014846769334390851,1.25e-05
0.014864110314730804,1.25e-05
0.01488145129507076,1.25e-05
0.014904572602190698,1.25e-05
0.014921913582530654,1.25e-05
0.014968156196770532,1.25e-05
0.015008618484230423,1.25e-05
0.015020179137790394,1.25e-05
0.015025959464570379,1.25e-05
0.0150548610984703,1.25e-05
0.015077982405590242,1.25e-05
0.015106884039490164,1.25e-05
0.015118444693050135,1.25e-05
0.01519936926796992,2.5e-05
0.015210929921529892,1.25e-05
0.015239831555429814,1.25e-05
0.015262952862549754,1.25e-05
0.015280293842889708,1.25e-05
0.015332316783909571,2.5e-05
0.01534387743746954,1.25e-05
0.015372779071369464,1.25e-05
0.01544214299272928,1.25e-05
0.015453703646289249,1.25e-05
0.015471044626629205,1.25e-05
0.015482605280189174,2.5e-05
0.015494165933749143,1.25e-05
0.015511506914089099,2.5e-05
0.015523067567649068,2.5e-05
0.01554040854798902,1.25e-05
0.01555196920154899,1.25e-05
0.015557749528328977,1.25e-05
0.01556352985510896,1.25e-05
0.015592431489008884,1.25e-05
0.01560977246934884,1.25e-05
0.01562133312290881,1.25e-05
0.015632893776468777,1.25e-05
0.015679136390708656,1.25e-05
0.015731159331728518,1.25e-05
0.01574271998528849,1.25e-05
0.01580630357986832,1.25e-05
0.015823644560208273,1.25e-05
0.015887228154788106,1.25e-05
0.015904569135128062,1.25e-05
0.015916129788688033,2.5e-05
0.015927690442248,1.25e-05
0.015933470769027985,1.25e-05
0.01595081174936794,1.25e-05
0.015991274036827832,1.25e-05
0.01600861501716779,1.25e-05
0.016014395343947774,1.25e-05
0.016020175670727756,1.25e-05
0.01609531991886756,2.5e-05
0.01611266089920751,1.25e-05
0.016118441225987497,2.5e-05
0.016130001879547468,3.75e-05
0.016199365800907285,1.25e-05
0.016222487108027223,1.25e-05
0.01622826743480721,1.25e-05
0.016239828088367176,1.25e-05
0.016251388741927147,2.5e-05
0.016268729722267103,2.5e-05
0.016303411682947012,1.25e-05
0.016320752663286964,1.25e-05
0.016355434623966873,1.25e-05
0.01636121495074686,1.25e-05
0.01637855593108681,1.25e-05
0.016390116584646782,3.75e-05
0.016407457564986735,1.25e-05
0.01642479854532669,1.25e-05
0.0164594805060066,1.25e-05
0.01651150344702646,2.5e-05
0.016603988675506217,1.25e-05
0.016615549329066188,1.25e-05
0.016696473903985973,1.25e-05
0.01671381488432593,1.25e-05
0.016736936191445867,1.25e-05
0.016748496845005838,1.25e-05
0.016806300112805685,3.75e-05
0.016840982073485593,1.25e-05
0.01689878534128544,1.25e-05
0.01703173285722509,1.25e-05
0.017066414817904996,1.25e-05
0.017101096778584908,1.25e-05
0.017135778739264817,1.25e-05
0.0171415590660448,1.25e-05
0.01715311971960477,2.5e-05
0.017193582007064664,1.25e-05
0.017228263967744573,1.25e-05
0.01723982462130454,2.5e-05
0.017257165601644496,2.5e-05
0.017291847562324405,1.25e-05
0.017309188542664358,3.75e-05
0.017326529523004314,1.25e-05
0.01736121148368422,1.25e-05
0.017378552464024175,1.25e-05
0.017390113117584146,2.5e-05
0.017395893444364128,1.25e-05
0.017401673771144113,1.25e-05
0.017430575405044037,1.25e-05
0.01749415899962387,2.5e-05
0.017575083574543657,1.25e-05
0.017580863901323643,1.25e-05
0.01760398520844358,1.25e-05
0.01763866716912349,1.25e-05
0.0176733491298034,5e-05
0.017742713051163216,1.25e-05
0.017783175338623107,1.25e-05
0.017794735992183078,1.25e-05
0.017875660567102866,1.25e-05
0.017898781874222804,2.5e-05
0.017921903181342742,1.25e-05
0.017997047429482542,1.25e-05
0.0180895326579623,2.5e-05
0.01812421461864221,1.25e-05
0.018170457232882086,1.25e-05
0.018326526055941674,1.25e-05
0.018349647363061616,2.5e-05
0.01838432932374152,2.5e-05
0.018401670304081477,2.5e-05
0.01847103422544129,1.25e-05
0.018540398146801113,2.5e-05
0.01855195880036108,1.25e-05
0.01856351945392105,1.25e-05
0.018575080107481018,1.25e-05
0.018592421087820974,1.25e-05
0.018615542394940912,2.5e-05
0.018621322721720898,1.25e-05
0.018644444028840836,1.25e-05
0.01866178500918079,1.25e-05
0.018673345662740762,1.25e-05
0.01868490631630073,1.25e-05
0.0186964669698607,1.25e-05
0.01874270958410058,1.25e-05
0.018754270237660547,1.25e-05
0.018783171871560474,1.25e-05
0.018800512851900424,1.25e-05
0.018835194812580336,1.25e-05
0.01885253579292029,1.25e-05
0.01887565710004023,1.25e-05
0.018945021021400044,1.25e-05
0.01895658167496001,1.25e-05
0.018968142328519982,1.25e-05
0.01898548330885994,1.25e-05
0.018991263635639924,1.25e-05
0.019008604615979877,1.25e-05
0.019049066903439767,1.25e-05
0.019060627556999738,1.25e-05
0.0191126504980196,1.25e-05
0.019129991478359556,2.5e-05
0.019199355399719373,1.25e-05
0.019234037360399282,1.25e-05
0.019239817687179268,1.25e-05
0.01925137834073924,1.25e-05
0.019268719321079188,2.5e-05
0.01929184062819913,1.25e-05
0.0193034012817591,1.25e-05
0.019320742262099056,1.25e-05
0.019332302915659023,1.25e-05
0.01939010618345887,1.25e-05
0.019395886510238856,1.25e-05
0.019419007817358794,2.5e-05
0.01942478814413878,1.25e-05
0.019476811085158644,1.25e-05
0.019482591411938626,1.25e-05
0.01951149304583855,1.25e-05
0.019563515986858415,1.25e-05
0.01958085696719837,2.5e-05
0.019632879908218232,1.25e-05
0.019650220888558185,1.25e-05
0.019684902849238094,1.25e-05
0.019702243829578046,1.25e-05
0.019725365136697988,1.25e-05
0.01973692579025796,1.25e-05
0.01974270611703794,1.25e-05
0.019754266770597908,1.25e-05
0.019783168404497835,1.25e-05
0.019806289711617773,2.5e-05
0.019823630691957726,1.25e-05
0.01986409297941762,1.25e-05
0.01987565363297759,1.25e-05
0.019892994613317547,1.25e-05
0.019927676573997452,2.5e-05
0.020037502782817164,1.25e-05
0.020066404416717087,1.25e-05
0.020077965070277058,1.25e-05
0.02012998801129692,1.25e-05
0.020193571605876752,1.25e-05
0.020205132259436723,1.25e-05
0.02022825356655666,1.25e-05
0.02029183716113649,1.25e-05
0.020309178141476446,1.25e-05
0.02034964042893634,2.5e-05
0.020378542062836263,1.25e-05
0.020419004350296158,1.25e-05
0.020499928925215946,1.25e-05
0.020523050232335884,1.25e-05
0.02056351251979578,1.25e-05
0.0205924141536957,1.25e-05
0.020603974807255673,1.25e-05
0.02062709611437561,1.25e-05
0.020638656767935578,2.5e-05
0.020684899382175454,1.25e-05
0.020742702649975304,1.25e-05
0.02077738461065521,1.25e-05
0.020852528858795016,1.25e-05
0.02091611245337485,1.25e-05
0.02092189278015483,1.25e-05
0.02096813539439471,1.25e-05
0.02097969604795468,1.25e-05
0.02100281735507462,1.25e-05
0.021072181276434437,2.5e-05
0.021089522256774386,2.5e-05
0.021158886178134207,1.25e-05
0.021291833694073857,1.25e-05
0.021297614020853842,1.25e-05
0.021424781210013507,1.25e-05
0.021442122190353463,1.25e-05
0.02145368284391343,1.25e-05
0.021523046765273245,1.25e-05
0.021575069706293106,1.25e-05
0.021592410686633062,1.25e-05
0.02162131232053299,1.25e-05
0.021684895915112818,1.25e-05
0.02189298767919227,1.25e-05
0.02191610898631221,1.25e-05
0.02201437454157195,1.25e-05
0.02202593519513192,1.25e-05
0.022043276175471877,1.25e-05
0.022072177809371797,1.25e-05
0.02211264009683169,1.25e-05
0.022118420423611677,1.25e-05
0.02215888271107157,1.25e-05
0.022216685978871414,1.25e-05
0.022251367939551327,1.25e-05
0.022355413821591053,1.25e-05
0.02237853512871099,1.25e-05
0.022471020357190747,1.25e-05
0.022488361337530703,1.25e-05
0.022615528526690364,1.25e-05
0.02263286950703032,1.25e-05
0.022760036696189985,1.25e-05
0.02285252192466974,1.25e-05
0.022945007153149496,1.25e-05
0.022962348133489453,1.25e-05
0.022973908787049423,1.25e-05
0.023031712054849267,1.25e-05
0.023124197283329023,1.25e-05
0.02320512185824881,1.25e-05
0.023257144799268673,1.25e-05
0.02327448577960863,1.25e-05
0.02330338741350855,1.25e-05
0.023314948067068523,1.25e-05
0.023465236563348126,1.25e-05
0.02363864636674767,1.25e-05
0.023684888980987546,1.25e-05
0.02377159388268732,1.25e-05
0.0237773742094673,1.25e-05
0.02383517747726715,1.25e-05
0.02389876107184698,1.25e-05
0.023973905319986784,1.25e-05
0.02405482989490657,1.25e-05
0.024095292182366463,1.25e-05
0.024158875776946295,1.25e-05
0.024193557737626208,1.25e-05
0.02429760361966593,2.5e-05
0.02433228558034584,1.25e-05
0.024349626560685796,1.25e-05
0.024505695383745384,1.25e-05
0.02455193799798526,1.25e-05
0.024563498651545227,1.25e-05
0.024609741265785107,1.25e-05
0.024644423226465016,1.25e-05
0.02481205270308457,1.25e-05
0.02481783302986456,1.25e-05
0.02490453793156433,2.5e-05
0.025060606754623918,2.5e-05
0.025129970675983736,1.25e-05
0.02516465263666364,1.25e-05
0.025418987014982974,1.25e-05
0.025494131263122773,1.25e-05
0.025528813223802686,2.5e-05
0.02558661649160253,1.25e-05
0.02562129845228244,1.25e-05
0.025684882046862274,1.25e-05
0.025702223027202226,1.25e-05
0.025742685314662117,1.25e-05
0.025754245968222088,1.25e-05
0.0258640721770418,1.25e-05
0.025944996751961588,1.25e-05
0.02608372459468122,1.25e-05
0.02611840655536113,1.25e-05
0.026153088516041038,1.25e-05
0.026170429496380994,1.25e-05
0.026239793417740808,1.25e-05
0.02656927204419994,1.25e-05
0.026673317926239663,1.25e-05
0.026881409690319116,1.25e-05
0.026933432631338978,1.25e-05
0.0269623342652389,1.25e-05
0.02721088831677825,1.25e-05
0.027401639100517745,1.25e-05
0.02745366204153761,1.25e-05
0.027690655439516983,1.25e-05
0.027731117726976874,1.25e-05
0.027765799687656786,1.25e-05
0.027985452105296207,1.25e-05
0.028043255373096054,1.25e-05
0.028060596353436006,1.25e-05
0.02825712746395549,1.25e-05
0.028338052038875277,1.25e-05
0.028378514326335168,1.25e-05
0.028598166743974588,1.25e-05
0.028650189684994453,1.25e-05
0.028771576547374132,1.25e-05
0.028800478181274056,1.25e-05
0.02892764537043372,1.25e-05
0.029395851839612484,1.25e-05
0.029465215760972302,1.25e-05
0.029551920662672072,1.25e-05
0.029881399289131205,1.25e-05
0.03033226477797002,1.25e-05
0.03081203190070875,1.25e-05
0.03083515320782869,1.25e-05
0.030933418763088433,1.25e-05
0.031043244971908145,1.25e-05
0.031314920330567424,1.25e-05
0.03170798255160639,1.25e-05
0.03173110385872633,1.25e-05
0.03178312679974619,1.25e-05
0.03178890712652618,1.25e-05
0.03196231692992572,1.25e-05
0.03322820849474238,1.25e-05
0.03376577888528096,1.25e-05
0.03392184770834055,1.25e-05
0.034314909929379515,1.25e-05
0.0349276245680579,1.25e-05
0.03661547998781345,1.25e-05
0.03688137501969275,1.25e-05
0.03722819462649184,1.25e-05
0.037731083056350506,1.25e-05
0.037898712532970065,1.25e-05
0.038176168218409336,1.25e-05
0.03842472226994868,1.25e-05
0.03894495168014731,1.25e-05
0.04059812513922295,1.25e-05
0.0406154661195629,1.25e-05
0.04171372820776001,1.25e-05
0.041933380625399426,1.25e-05
0.04280042964239714,1.25e-05
0.04291025585121685,1.25e-05
0.044285973624853224,1.25e-05
0.04482932434217179,1.25e-05
0.04571371433950946,1.25e-05
0.04732642551112521,1.25e-05
0.04912988746648045,1.25e-05
0.05072525765775624,1.25e-05
0.05152294275339414,1.25e-05
0.05450559137186628,1.25e-05
0.07257489288609863,1.25e-05
0.0976094881702126,1.25e-05
0.10147652678602241,1.25e-05
0.10459790324721419,1.25e-05
0.10563258174083145,1.25e-05
0.11044181362177878,1.25e-05
0.12849955448245115,1.25e-05
0.13027989513068647,1.25e-05
